^DBUILD_TARGET=web
[1A[1B[0G[?25l[+] Building 0.0s (0/1)                                         docker:rootless
[?25h[1A[0G[?25l[+] Building 0.2s (1/2)                                         docker:rootless
[34m => [internal] load build definition from Dockerfile                       0.0s
[0m[34m => => transferring dockerfile: 2.98kB                                     0.0s
[0m => resolve image config for docker-image://docker.io/docker/dockerfile:1  0.2s
[?25h[1A[1A[1A[1A[0G[?25l[+] Building 0.3s (1/2)                                         docker:rootless
[34m => [internal] load build definition from Dockerfile                       0.0s
[0m[34m => => transferring dockerfile: 2.98kB                                     0.0s
[0m => resolve image config for docker-image://docker.io/docker/dockerfile:1  0.3s
[?25h[1A[1A[1A[1A[0G[?25l[+] Building 0.5s (1/2)                                         docker:rootless
[34m => [internal] load build definition from Dockerfile                       0.0s
[0m[34m => => transferring dockerfile: 2.98kB                                     0.0s
[0m => resolve image config for docker-image://docker.io/docker/dockerfile:1  0.5s
[?25h[1A[1A[1A[1A[0G[?25l[+] Building 0.6s (1/2)                                         docker:rootless
[34m => [internal] load build definition from Dockerfile                       0.0s
[0m[34m => => transferring dockerfile: 2.98kB                                     0.0s
[0m => resolve image config for docker-image://docker.io/docker/dockerfile:1  0.6s
[?25h[1A[1A[1A[1A[0G[?25l[+] Building 0.8s (1/2)                                         docker:rootless
[34m => [internal] load build definition from Dockerfile                       0.0s
[0m[34m => => transferring dockerfile: 2.98kB                                     0.0s
[0m => resolve image config for docker-image://docker.io/docker/dockerfile:1  0.8s
[?25h[1A[1A[1A[1A[0G[?25l[+] Building 0.9s (1/2)                                         docker:rootless
[34m => [internal] load build definition from Dockerfile                       0.0s
[0m[34m => => transferring dockerfile: 2.98kB                                     0.0s
[0m => resolve image config for docker-image://docker.io/docker/dockerfile:1  0.9s
[?25h[1A[1A[1A[1A[0G[?25l[+] Building 1.1s (1/2)                                         docker:rootless
[34m => [internal] load build definition from Dockerfile                       0.0s
[0m[34m => => transferring dockerfile: 2.98kB                                     0.0s
[0m => resolve image config for docker-image://docker.io/docker/dockerfile:1  1.1s
[?25h[1A[1A[1A[1A[0G[?25l[+] Building 1.2s (1/2)                                         docker:rootless
[34m => [internal] load build definition from Dockerfile                       0.0s
[0m[34m => => transferring dockerfile: 2.98kB                                     0.0s
[0m => resolve image config for docker-image://docker.io/docker/dockerfile:1  1.2s
[?25h[1A[1A[1A[1A[0G[?25l[+] Building 1.2s (2/2)                                         docker:rootless
[34m => [internal] load build definition from Dockerfile                       0.0s
[0m[34m => => transferring dockerfile: 2.98kB                                     0.0s
[0m[34m => resolve image config for docker-image://docker.io/docker/dockerfile:1  1.2s
[0m[?25h[1A[1A[1A[1A[0G[?25l[+] Building 1.4s (3/3)                                         docker:rootless
[34m => [internal] load build definition from Dockerfile                       0.0s
[0m[34m => => transferring dockerfile: 2.98kB                                     0.0s
[0m[34m => resolve image config for docker-image://docker.io/docker/dockerfile:1  1.2s
[0m[34m => CACHED docker-image://docker.io/docker/dockerfile:1.7@sha256:a57df69d  0.0s
[0m[34m => => resolve docker.io/docker/dockerfile:1.7@sha256:a57df69d0ea827fb726  0.0s
[0m[?25h[1A[1A[1A[1A[1A[1A[0G[?25l[+] Building 1.4s (3/4)                                         docker:rootless
[34m => [internal] load build definition from Dockerfile                       0.0s
[0m[34m => => transferring dockerfile: 2.98kB                                     0.0s
[0m[34m => resolve image config for docker-image://docker.io/docker/dockerfile:1  1.2s
[0m[34m => CACHED docker-image://docker.io/docker/dockerfile:1.7@sha256:a57df69d  0.0s
[0m[34m => => resolve docker.io/docker/dockerfile:1.7@sha256:a57df69d0ea827fb726  0.0s
[0m => [internal] load metadata for docker.io/library/node:24-bookworm-slim   0.0s
[?25h[1A[1A[1A[1A[1A[1A[1A[0G[?25l[+] Building 1.6s (3/4)                                         docker:rootless
[34m => [internal] load build definition from Dockerfile                       0.0s
[0m[34m => => transferring dockerfile: 2.98kB                                     0.0s
[0m[34m => resolve image config for docker-image://docker.io/docker/dockerfile:1  1.2s
[0m[34m => CACHED docker-image://docker.io/docker/dockerfile:1.7@sha256:a57df69d  0.0s
[0m[34m => => resolve docker.io/docker/dockerfile:1.7@sha256:a57df69d0ea827fb726  0.0s
[0m => [internal] load metadata for docker.io/library/node:24-bookworm-slim   0.2s
[?25h[1A[1A[1A[1A[1A[1A[1A[0G[?25l[+] Building 1.7s (3/4)                                         docker:rootless
[34m => [internal] load build definition from Dockerfile                       0.0s
[0m[34m => => transferring dockerfile: 2.98kB                                     0.0s
[0m[34m => resolve image config for docker-image://docker.io/docker/dockerfile:1  1.2s
[0m[34m => CACHED docker-image://docker.io/docker/dockerfile:1.7@sha256:a57df69d  0.0s
[0m[34m => => resolve docker.io/docker/dockerfile:1.7@sha256:a57df69d0ea827fb726  0.0s
[0m => [internal] load metadata for docker.io/library/node:24-bookworm-slim   0.3s
[?25h[1A[1A[1A[1A[1A[1A[1A[0G[?25l[+] Building 1.9s (3/4)                                         docker:rootless
[34m => [internal] load build definition from Dockerfile                       0.0s
[0m[34m => => transferring dockerfile: 2.98kB                                     0.0s
[0m[34m => resolve image config for docker-image://docker.io/docker/dockerfile:1  1.2s
[0m[34m => CACHED docker-image://docker.io/docker/dockerfile:1.7@sha256:a57df69d  0.0s
[0m[34m => => resolve docker.io/docker/dockerfile:1.7@sha256:a57df69d0ea827fb726  0.0s
[0m => [internal] load metadata for docker.io/library/node:24-bookworm-slim   0.5s
[?25h[1A[1A[1A[1A[1A[1A[1A[0G[?25l[+] Building 2.0s (3/4)                                         docker:rootless
[34m => [internal] load build definition from Dockerfile                       0.0s
[0m[34m => => transferring dockerfile: 2.98kB                                     0.0s
[0m[34m => resolve image config for docker-image://docker.io/docker/dockerfile:1  1.2s
[0m[34m => CACHED docker-image://docker.io/docker/dockerfile:1.7@sha256:a57df69d  0.0s
[0m[34m => => resolve docker.io/docker/dockerfile:1.7@sha256:a57df69d0ea827fb726  0.0s
[0m => [internal] load metadata for docker.io/library/node:24-bookworm-slim   0.6s
[?25h[1A[1A[1A[1A[1A[1A[1A[0G[?25l[+] Building 2.2s (3/4)                                         docker:rootless
[34m => [internal] load build definition from Dockerfile                       0.0s
[0m[34m => => transferring dockerfile: 2.98kB                                     0.0s
[0m[34m => resolve image config for docker-image://docker.io/docker/dockerfile:1  1.2s
[0m[34m => CACHED docker-image://docker.io/docker/dockerfile:1.7@sha256:a57df69d  0.0s
[0m[34m => => resolve docker.io/docker/dockerfile:1.7@sha256:a57df69d0ea827fb726  0.0s
[0m => [internal] load metadata for docker.io/library/node:24-bookworm-slim   0.8s
[?25h[1A[1A[1A[1A[1A[1A[1A[0G[?25l[+] Building 2.3s (3/4)                                         docker:rootless
[34m => [internal] load build definition from Dockerfile                       0.0s
[0m[34m => => transferring dockerfile: 2.98kB                                     0.0s
[0m[34m => resolve image config for docker-image://docker.io/docker/dockerfile:1  1.2s
[0m[34m => CACHED docker-image://docker.io/docker/dockerfile:1.7@sha256:a57df69d  0.0s
[0m[34m => => resolve docker.io/docker/dockerfile:1.7@sha256:a57df69d0ea827fb726  0.0s
[0m => [internal] load metadata for docker.io/library/node:24-bookworm-slim   0.9s
[?25h[1A[1A[1A[1A[1A[1A[1A[0G[?25l[+] Building 2.5s (3/4)                                         docker:rootless
[34m => [internal] load build definition from Dockerfile                       0.0s
[0m[34m => => transferring dockerfile: 2.98kB                                     0.0s
[0m[34m => resolve image config for docker-image://docker.io/docker/dockerfile:1  1.2s
[0m[34m => CACHED docker-image://docker.io/docker/dockerfile:1.7@sha256:a57df69d  0.0s
[0m[34m => => resolve docker.io/docker/dockerfile:1.7@sha256:a57df69d0ea827fb726  0.0s
[0m => [internal] load metadata for docker.io/library/node:24-bookworm-slim   1.1s
[?25h[1A[1A[1A[1A[1A[1A[1A[0G[?25l[+] Building 2.5s (4/4)                                         docker:rootless
[34m => [internal] load build definition from Dockerfile                       0.0s
[0m[34m => => transferring dockerfile: 2.98kB                                     0.0s
[0m[34m => resolve image config for docker-image://docker.io/docker/dockerfile:1  1.2s
[0m[34m => CACHED docker-image://docker.io/docker/dockerfile:1.7@sha256:a57df69d  0.0s
[0m[34m => => resolve docker.io/docker/dockerfile:1.7@sha256:a57df69d0ea827fb726  0.0s
[0m[34m => [internal] load metadata for docker.io/library/node:24-bookworm-slim   1.1s
[0m[?25h[1A[1A[1A[1A[1A[1A[1A[0G[?25l[+] Building 2.7s (6/18)                                        docker:rootless
[34m => => resolve docker.io/docker/dockerfile:1.7@sha256:a57df69d0ea827fb726  0.0s
[0m[34m => [internal] load metadata for docker.io/library/node:24-bookworm-slim   1.1s
[0m[34m => [internal] load .dockerignore                                          0.0s
[0m[34m => => transferring context: 125B                                          0.0s
[0m[34m => [base 1/2] FROM docker.io/library/node:24-bookworm-slim@sha256:3638d9  0.0s
[0m[34m => => resolve docker.io/library/node:24-bookworm-slim@sha256:3638d9a6fe4  0.0s
[0m => [internal] load build context                                          0.1s
 => => transferring context: 2.39MB                                        0.1s
[?25h[1A[1A[1A[1A[1A[1A[1A[1A[1A[0G[?25l[+] Building 2.8s (13/18)                                       docker:rootless
[34m => => transferring context: 3.01MB                                        0.1s
[0m[34m => CACHED [runtime-base 2/5] RUN apt-get update     && apt-get install -  0.0s
[0m[34m => CACHED [runtime-base 3/5] WORKDIR /app                                 0.0s
[0m[34m => CACHED [base 2/2] WORKDIR /app                                         0.0s
[0m[34m => [runtime-base 4/5] COPY --chmod=0555 scripts/ops/docker-entrypoint.sh  0.0s
[0m[34m => [dependencies 1/2] COPY package.json package-lock.json ./              0.0s
[0m[34m => [runtime-base 5/5] COPY --chown=semforge:semforge scripts/ops/preflig  0.1s
[0m => [dependencies 2/2] RUN npm ci                                          0.1s
[?25h[1A[1A[1A[1A[1A[1A[1A[1A[1A[0G[?25l[+] Building 2.9s (13/18)                                       docker:rootless
[34m => => transferring context: 3.01MB                                        0.1s
[0m[34m => CACHED [runtime-base 2/5] RUN apt-get update     && apt-get install -  0.0s
[0m[34m => CACHED [runtime-base 3/5] WORKDIR /app                                 0.0s
[0m[34m => CACHED [base 2/2] WORKDIR /app                                         0.0s
[0m[34m => [runtime-base 4/5] COPY --chmod=0555 scripts/ops/docker-entrypoint.sh  0.0s
[0m[34m => [dependencies 1/2] COPY package.json package-lock.json ./              0.0s
[0m[34m => [runtime-base 5/5] COPY --chown=semforge:semforge scripts/ops/preflig  0.1s
[0m => [dependencies 2/2] RUN npm ci                                          0.2s
[?25h[1A[1A[1A[1A[1A[1A[1A[1A[1A[0G[?25l[+] Building 3.1s (13/18)                                       docker:rootless
[34m => => transferring context: 3.01MB                                        0.1s
[0m[34m => CACHED [runtime-base 2/5] RUN apt-get update     && apt-get install -  0.0s
[0m[34m => CACHED [runtime-base 3/5] WORKDIR /app                                 0.0s
[0m[34m => CACHED [base 2/2] WORKDIR /app                                         0.0s
[0m[34m => [runtime-base 4/5] COPY --chmod=0555 scripts/ops/docker-entrypoint.sh  0.0s
[0m[34m => [dependencies 1/2] COPY package.json package-lock.json ./              0.0s
[0m[34m => [runtime-base 5/5] COPY --chown=semforge:semforge scripts/ops/preflig  0.1s
[0m => [dependencies 2/2] RUN npm ci                                          0.4s
[?25h[1A[1A[1A[1A[1A[1A[1A[1A[1A[0G[?25l[+] Building 3.2s (13/18)                                       docker:rootless
[34m => => transferring context: 3.01MB                                        0.1s
[0m[34m => CACHED [runtime-base 2/5] RUN apt-get update     && apt-get install -  0.0s
[0m[34m => CACHED [runtime-base 3/5] WORKDIR /app                                 0.0s
[0m[34m => CACHED [base 2/2] WORKDIR /app                                         0.0s
[0m[34m => [runtime-base 4/5] COPY --chmod=0555 scripts/ops/docker-entrypoint.sh  0.0s
[0m[34m => [dependencies 1/2] COPY package.json package-lock.json ./              0.0s
[0m[34m => [runtime-base 5/5] COPY --chown=semforge:semforge scripts/ops/preflig  0.1s
[0m => [dependencies 2/2] RUN npm ci                                          0.5s
[?25h[1A[1A[1A[1A[1A[1A[1A[1A[1A[0G[?25l[+] Building 3.4s (13/18)                                       docker:rootless
[34m => => transferring context: 3.01MB                                        0.1s
[0m[34m => CACHED [runtime-base 2/5] RUN apt-get update     && apt-get install -  0.0s
[0m[34m => CACHED [runtime-base 3/5] WORKDIR /app                                 0.0s
[0m[34m => CACHED [base 2/2] WORKDIR /app                                         0.0s
[0m[34m => [runtime-base 4/5] COPY --chmod=0555 scripts/ops/docker-entrypoint.sh  0.0s
[0m[34m => [dependencies 1/2] COPY package.json package-lock.json ./              0.0s
[0m[34m => [runtime-base 5/5] COPY --chown=semforge:semforge scripts/ops/preflig  0.1s
[0m => [dependencies 2/2] RUN npm ci                                          0.7s
[?25h[1A[1A[1A[1A[1A[1A[1A[1A[1A[0G[?25l[+] Building 3.5s (13/18)                                       docker:rootless
[34m => => transferring context: 3.01MB                                        0.1s
[0m[34m => CACHED [runtime-base 2/5] RUN apt-get update     && apt-get install -  0.0s
[0m[34m => CACHED [runtime-base 3/5] WORKDIR /app                                 0.0s
[0m[34m => CACHED [base 2/2] WORKDIR /app                                         0.0s
[0m[34m => [runtime-base 4/5] COPY --chmod=0555 scripts/ops/docker-entrypoint.sh  0.0s
[0m[34m => [dependencies 1/2] COPY package.json package-lock.json ./              0.0s
[0m[34m => [runtime-base 5/5] COPY --chown=semforge:semforge scripts/ops/preflig  0.1s
[0m => [dependencies 2/2] RUN npm ci                                          0.8s
[?25h[1A[1A[1A[1A[1A[1A[1A[1A[1A[0G[?25l[+] Building 3.7s (13/18)                                       docker:rootless
[34m => => transferring context: 3.01MB                                        0.1s
[0m[34m => CACHED [runtime-base 2/5] RUN apt-get update     && apt-get install -  0.0s
[0m[34m => CACHED [runtime-base 3/5] WORKDIR /app                                 0.0s
[0m[34m => CACHED [base 2/2] WORKDIR /app                                         0.0s
[0m[34m => [runtime-base 4/5] COPY --chmod=0555 scripts/ops/docker-entrypoint.sh  0.0s
[0m[34m => [dependencies 1/2] COPY package.json package-lock.json ./              0.0s
[0m[34m => [runtime-base 5/5] COPY --chown=semforge:semforge scripts/ops/preflig  0.1s
[0m => [dependencies 2/2] RUN npm ci                                          1.0s
[?25h[1A[1A[1A[1A[1A[1A[1A[1A[1A[0G[?25l[+] Building 3.8s (13/18)                                       docker:rootless
[34m => => transferring context: 3.01MB                                        0.1s
[0m[34m => CACHED [runtime-base 2/5] RUN apt-get update     && apt-get install -  0.0s
[0m[34m => CACHED [runtime-base 3/5] WORKDIR /app                                 0.0s
[0m[34m => CACHED [base 2/2] WORKDIR /app                                         0.0s
[0m[34m => [runtime-base 4/5] COPY --chmod=0555 scripts/ops/docker-entrypoint.sh  0.0s
[0m[34m => [dependencies 1/2] COPY package.json package-lock.json ./              0.0s
[0m[34m => [runtime-base 5/5] COPY --chown=semforge:semforge scripts/ops/preflig  0.1s
[0m => [dependencies 2/2] RUN npm ci                                          1.1s
[?25h[1A[1A[1A[1A[1A[1A[1A[1A[1A[0G[?25l[+] Building 4.0s (13/18)                                       docker:rootless
[34m => => transferring context: 3.01MB                                        0.1s
[0m[34m => CACHED [runtime-base 2/5] RUN apt-get update     && apt-get install -  0.0s
[0m[34m => CACHED [runtime-base 3/5] WORKDIR /app                                 0.0s
[0m[34m => CACHED [base 2/2] WORKDIR /app                                         0.0s
[0m[34m => [runtime-base 4/5] COPY --chmod=0555 scripts/ops/docker-entrypoint.sh  0.0s
[0m[34m => [dependencies 1/2] COPY package.json package-lock.json ./              0.0s
[0m[34m => [runtime-base 5/5] COPY --chown=semforge:semforge scripts/ops/preflig  0.1s
[0m => [dependencies 2/2] RUN npm ci                                          1.3s
[?25h[1A[1A[1A[1A[1A[1A[1A[1A[1A[0G[?25l[+] Building 4.1s (13/18)                                       docker:rootless
[34m => => transferring context: 3.01MB                                        0.1s
[0m[34m => CACHED [runtime-base 2/5] RUN apt-get update     && apt-get install -  0.0s
[0m[34m => CACHED [runtime-base 3/5] WORKDIR /app                                 0.0s
[0m[34m => CACHED [base 2/2] WORKDIR /app                                         0.0s
[0m[34m => [runtime-base 4/5] COPY --chmod=0555 scripts/ops/docker-entrypoint.sh  0.0s
[0m[34m => [dependencies 1/2] COPY package.json package-lock.json ./              0.0s
[0m[34m => [runtime-base 5/5] COPY --chown=semforge:semforge scripts/ops/preflig  0.1s
[0m => [dependencies 2/2] RUN npm ci                                          1.4s
[?25h[1A[1A[1A[1A[1A[1A[1A[1A[1A[0G[?25l[+] Building 4.3s (13/18)                                       docker:rootless
[34m => => transferring context: 3.01MB                                        0.1s
[0m[34m => CACHED [runtime-base 2/5] RUN apt-get update     && apt-get install -  0.0s
[0m[34m => CACHED [runtime-base 3/5] WORKDIR /app                                 0.0s
[0m[34m => CACHED [base 2/2] WORKDIR /app                                         0.0s
[0m[34m => [runtime-base 4/5] COPY --chmod=0555 scripts/ops/docker-entrypoint.sh  0.0s
[0m[34m => [dependencies 1/2] COPY package.json package-lock.json ./              0.0s
[0m[34m => [runtime-base 5/5] COPY --chown=semforge:semforge scripts/ops/preflig  0.1s
[0m => [dependencies 2/2] RUN npm ci                                          1.6s
[?25h[1A[1A[1A[1A[1A[1A[1A[1A[1A[0G[?25l[+] Building 4.4s (13/18)                                       docker:rootless
[34m => => transferring context: 3.01MB                                        0.1s
[0m[34m => CACHED [runtime-base 2/5] RUN apt-get update     && apt-get install -  0.0s
[0m[34m => CACHED [runtime-base 3/5] WORKDIR /app                                 0.0s
[0m[34m => CACHED [base 2/2] WORKDIR /app                                         0.0s
[0m[34m => [runtime-base 4/5] COPY --chmod=0555 scripts/ops/docker-entrypoint.sh  0.0s
[0m[34m => [dependencies 1/2] COPY package.json package-lock.json ./              0.0s
[0m[34m => [runtime-base 5/5] COPY --chown=semforge:semforge scripts/ops/preflig  0.1s
[0m => [dependencies 2/2] RUN npm ci                                          1.7s
[?25h[1A[1A[1A[1A[1A[1A[1A[1A[1A[0G[?25l[+] Building 4.6s (13/18)                                       docker:rootless
[34m => => transferring context: 3.01MB                                        0.1s
[0m[34m => CACHED [runtime-base 2/5] RUN apt-get update     && apt-get install -  0.0s
[0m[34m => CACHED [runtime-base 3/5] WORKDIR /app                                 0.0s
[0m[34m => CACHED [base 2/2] WORKDIR /app                                         0.0s
[0m[34m => [runtime-base 4/5] COPY --chmod=0555 scripts/ops/docker-entrypoint.sh  0.0s
[0m[34m => [dependencies 1/2] COPY package.json package-lock.json ./              0.0s
[0m[34m => [runtime-base 5/5] COPY --chown=semforge:semforge scripts/ops/preflig  0.1s
[0m => [dependencies 2/2] RUN npm ci                                          1.9s
[?25h[1A[1A[1A[1A[1A[1A[1A[1A[1A[0G[?25l[+] Building 4.7s (13/18)                                       docker:rootless
[34m => => transferring context: 3.01MB                                        0.1s
[0m[34m => CACHED [runtime-base 2/5] RUN apt-get update     && apt-get install -  0.0s
[0m[34m => CACHED [runtime-base 3/5] WORKDIR /app                                 0.0s
[0m[34m => CACHED [base 2/2] WORKDIR /app                                         0.0s
[0m[34m => [runtime-base 4/5] COPY --chmod=0555 scripts/ops/docker-entrypoint.sh  0.0s
[0m[34m => [dependencies 1/2] COPY package.json package-lock.json ./              0.0s
[0m[34m => [runtime-base 5/5] COPY --chown=semforge:semforge scripts/ops/preflig  0.1s
[0m => [dependencies 2/2] RUN npm ci                                          2.0s
[?25h[1A[1A[1A[1A[1A[1A[1A[1A[1A[0G[?25l[+] Building 4.9s (13/18)                                       docker:rootless
[34m => => transferring context: 3.01MB                                        0.1s
[0m[34m => CACHED [runtime-base 2/5] RUN apt-get update     && apt-get install -  0.0s
[0m[34m => CACHED [runtime-base 3/5] WORKDIR /app                                 0.0s
[0m[34m => CACHED [base 2/2] WORKDIR /app                                         0.0s
[0m[34m => [runtime-base 4/5] COPY --chmod=0555 scripts/ops/docker-entrypoint.sh  0.0s
[0m[34m => [dependencies 1/2] COPY package.json package-lock.json ./              0.0s
[0m[34m => [runtime-base 5/5] COPY --chown=semforge:semforge scripts/ops/preflig  0.1s
[0m => [dependencies 2/2] RUN npm ci                                          2.2s
[?25h[1A[1A[1A[1A[1A[1A[1A[1A[1A[0G[?25l[+] Building 5.0s (13/18)                                       docker:rootless
[34m => => transferring context: 3.01MB                                        0.1s
[0m[34m => CACHED [runtime-base 2/5] RUN apt-get update     && apt-get install -  0.0s
[0m[34m => CACHED [runtime-base 3/5] WORKDIR /app                                 0.0s
[0m[34m => CACHED [base 2/2] WORKDIR /app                                         0.0s
[0m[34m => [runtime-base 4/5] COPY --chmod=0555 scripts/ops/docker-entrypoint.sh  0.0s
[0m[34m => [dependencies 1/2] COPY package.json package-lock.json ./              0.0s
[0m[34m => [runtime-base 5/5] COPY --chown=semforge:semforge scripts/ops/preflig  0.1s
[0m => [dependencies 2/2] RUN npm ci                                          2.3s
[?25h[1A[1A[1A[1A[1A[1A[1A[1A[1A[0G[?25l[+] Building 5.2s (13/18)                                       docker:rootless
[34m => => transferring context: 3.01MB                                        0.1s
[0m[34m => CACHED [runtime-base 2/5] RUN apt-get update     && apt-get install -  0.0s
[0m[34m => CACHED [runtime-base 3/5] WORKDIR /app                                 0.0s
[0m[34m => CACHED [base 2/2] WORKDIR /app                                         0.0s
[0m[34m => [runtime-base 4/5] COPY --chmod=0555 scripts/ops/docker-entrypoint.sh  0.0s
[0m[34m => [dependencies 1/2] COPY package.json package-lock.json ./              0.0s
[0m[34m => [runtime-base 5/5] COPY --chown=semforge:semforge scripts/ops/preflig  0.1s
[0m => [dependencies 2/2] RUN npm ci                                          2.5s
[?25h[1A[1A[1A[1A[1A[1A[1A[1A[1A[0G[?25l[+] Building 5.3s (13/18)                                       docker:rootless
[34m => => transferring context: 3.01MB                                        0.1s
[0m[34m => CACHED [runtime-base 2/5] RUN apt-get update     && apt-get install -  0.0s
[0m[34m => CACHED [runtime-base 3/5] WORKDIR /app                                 0.0s
[0m[34m => CACHED [base 2/2] WORKDIR /app                                         0.0s
[0m[34m => [runtime-base 4/5] COPY --chmod=0555 scripts/ops/docker-entrypoint.sh  0.0s
[0m[34m => [dependencies 1/2] COPY package.json package-lock.json ./              0.0s
[0m[34m => [runtime-base 5/5] COPY --chown=semforge:semforge scripts/ops/preflig  0.1s
[0m => [dependencies 2/2] RUN npm ci                                          2.6s
[?25h[1A[1A[1A[1A[1A[1A[1A[1A[1A[0G[?25l[+] Building 5.5s (13/18)                                       docker:rootless
[34m => => transferring context: 3.01MB                                        0.1s
[0m[34m => CACHED [runtime-base 2/5] RUN apt-get update     && apt-get install -  0.0s
[0m[34m => CACHED [runtime-base 3/5] WORKDIR /app                                 0.0s
[0m[34m => CACHED [base 2/2] WORKDIR /app                                         0.0s
[0m[34m => [runtime-base 4/5] COPY --chmod=0555 scripts/ops/docker-entrypoint.sh  0.0s
[0m[34m => [dependencies 1/2] COPY package.json package-lock.json ./              0.0s
[0m[34m => [runtime-base 5/5] COPY --chown=semforge:semforge scripts/ops/preflig  0.1s
[0m => [dependencies 2/2] RUN npm ci                                          2.8s
[?25h[1A[1A[1A[1A[1A[1A[1A[1A[1A[0G[?25l[+] Building 5.6s (13/18)                                       docker:rootless
[34m => => transferring context: 3.01MB                                        0.1s
[0m[34m => CACHED [runtime-base 2/5] RUN apt-get update     && apt-get install -  0.0s
[0m[34m => CACHED [runtime-base 3/5] WORKDIR /app                                 0.0s
[0m[34m => CACHED [base 2/2] WORKDIR /app                                         0.0s
[0m[34m => [runtime-base 4/5] COPY --chmod=0555 scripts/ops/docker-entrypoint.sh  0.0s
[0m[34m => [dependencies 1/2] COPY package.json package-lock.json ./              0.0s
[0m[34m => [runtime-base 5/5] COPY --chown=semforge:semforge scripts/ops/preflig  0.1s
[0m => [dependencies 2/2] RUN npm ci                                          2.9s
[?25h[1A[1A[1A[1A[1A[1A[1A[1A[1A[0G[?25l[+] Building 5.8s (13/18)                                       docker:rootless
[34m => => transferring context: 3.01MB                                        0.1s
[0m[34m => CACHED [runtime-base 2/5] RUN apt-get update     && apt-get install -  0.0s
[0m[34m => CACHED [runtime-base 3/5] WORKDIR /app                                 0.0s
[0m[34m => CACHED [base 2/2] WORKDIR /app                                         0.0s
[0m[34m => [runtime-base 4/5] COPY --chmod=0555 scripts/ops/docker-entrypoint.sh  0.0s
[0m[34m => [dependencies 1/2] COPY package.json package-lock.json ./              0.0s
[0m[34m => [runtime-base 5/5] COPY --chown=semforge:semforge scripts/ops/preflig  0.1s
[0m => [dependencies 2/2] RUN npm ci                                          3.1s
[?25h[1A[1A[1A[1A[1A[1A[1A[1A[1A[0G[?25l[+] Building 5.9s (13/18)                                       docker:rootless
[34m => => transferring context: 3.01MB                                        0.1s
[0m[34m => CACHED [runtime-base 2/5] RUN apt-get update     && apt-get install -  0.0s
[0m[34m => CACHED [runtime-base 3/5] WORKDIR /app                                 0.0s
[0m[34m => CACHED [base 2/2] WORKDIR /app                                         0.0s
[0m[34m => [runtime-base 4/5] COPY --chmod=0555 scripts/ops/docker-entrypoint.sh  0.0s
[0m[34m => [dependencies 1/2] COPY package.json package-lock.json ./              0.0s
[0m[34m => [runtime-base 5/5] COPY --chown=semforge:semforge scripts/ops/preflig  0.1s
[0m => [dependencies 2/2] RUN npm ci                                          3.2s
[?25h[1A[1A[1A[1A[1A[1A[1A[1A[1A[0G[?25l[+] Building 6.1s (13/18)                                       docker:rootless
[34m => => transferring context: 3.01MB                                        0.1s
[0m[34m => CACHED [runtime-base 2/5] RUN apt-get update     && apt-get install -  0.0s
[0m[34m => CACHED [runtime-base 3/5] WORKDIR /app                                 0.0s
[0m[34m => CACHED [base 2/2] WORKDIR /app                                         0.0s
[0m[34m => [runtime-base 4/5] COPY --chmod=0555 scripts/ops/docker-entrypoint.sh  0.0s
[0m[34m => [dependencies 1/2] COPY package.json package-lock.json ./              0.0s
[0m[34m => [runtime-base 5/5] COPY --chown=semforge:semforge scripts/ops/preflig  0.1s
[0m => [dependencies 2/2] RUN npm ci                                          3.4s
[?25h[1A[1A[1A[1A[1A[1A[1A[1A[1A[0G[?25l[+] Building 6.2s (13/18)                                       docker:rootless
[34m => => transferring context: 3.01MB                                        0.1s
[0m[34m => CACHED [runtime-base 2/5] RUN apt-get update     && apt-get install -  0.0s
[0m[34m => CACHED [runtime-base 3/5] WORKDIR /app                                 0.0s
[0m[34m => CACHED [base 2/2] WORKDIR /app                                         0.0s
[0m[34m => [runtime-base 4/5] COPY --chmod=0555 scripts/ops/docker-entrypoint.sh  0.0s
[0m[34m => [dependencies 1/2] COPY package.json package-lock.json ./              0.0s
[0m[34m => [runtime-base 5/5] COPY --chown=semforge:semforge scripts/ops/preflig  0.1s
[0m => [dependencies 2/2] RUN npm ci                                          3.5s
[?25h[1A[1A[1A[1A[1A[1A[1A[1A[1A[0G[?25l[+] Building 6.4s (13/18)                                       docker:rootless
[34m => => transferring context: 3.01MB                                        0.1s
[0m[34m => CACHED [runtime-base 2/5] RUN apt-get update     && apt-get install -  0.0s
[0m[34m => CACHED [runtime-base 3/5] WORKDIR /app                                 0.0s
[0m[34m => CACHED [base 2/2] WORKDIR /app                                         0.0s
[0m[34m => [runtime-base 4/5] COPY --chmod=0555 scripts/ops/docker-entrypoint.sh  0.0s
[0m[34m => [dependencies 1/2] COPY package.json package-lock.json ./              0.0s
[0m[34m => [runtime-base 5/5] COPY --chown=semforge:semforge scripts/ops/preflig  0.1s
[0m => [dependencies 2/2] RUN npm ci                                          3.7s
[?25h[1A[1A[1A[1A[1A[1A[1A[1A[1A[0G[?25l[+] Building 6.5s (13/18)                                       docker:rootless
[34m => => transferring context: 3.01MB                                        0.1s
[0m[34m => CACHED [runtime-base 2/5] RUN apt-get update     && apt-get install -  0.0s
[0m[34m => CACHED [runtime-base 3/5] WORKDIR /app                                 0.0s
[0m[34m => CACHED [base 2/2] WORKDIR /app                                         0.0s
[0m[34m => [runtime-base 4/5] COPY --chmod=0555 scripts/ops/docker-entrypoint.sh  0.0s
[0m[34m => [dependencies 1/2] COPY package.json package-lock.json ./              0.0s
[0m[34m => [runtime-base 5/5] COPY --chown=semforge:semforge scripts/ops/preflig  0.1s
[0m => [dependencies 2/2] RUN npm ci                                          3.8s
[?25h[1A[1A[1A[1A[1A[1A[1A[1A[1A[0G[?25l[+] Building 6.7s (13/18)                                       docker:rootless
[34m => => transferring context: 3.01MB                                        0.1s
[0m[34m => CACHED [runtime-base 2/5] RUN apt-get update     && apt-get install -  0.0s
[0m[34m => CACHED [runtime-base 3/5] WORKDIR /app                                 0.0s
[0m[34m => CACHED [base 2/2] WORKDIR /app                                         0.0s
[0m[34m => [runtime-base 4/5] COPY --chmod=0555 scripts/ops/docker-entrypoint.sh  0.0s
[0m[34m => [dependencies 1/2] COPY package.json package-lock.json ./              0.0s
[0m[34m => [runtime-base 5/5] COPY --chown=semforge:semforge scripts/ops/preflig  0.1s
[0m => [dependencies 2/2] RUN npm ci                                          4.0s
[?25h[1A[1A[1A[1A[1A[1A[1A[1A[1A[0G[?25l[+] Building 6.8s (13/18)                                       docker:rootless
[34m => => transferring context: 3.01MB                                        0.1s
[0m[34m => CACHED [runtime-base 2/5] RUN apt-get update     && apt-get install -  0.0s
[0m[34m => CACHED [runtime-base 3/5] WORKDIR /app                                 0.0s
[0m[34m => CACHED [base 2/2] WORKDIR /app                                         0.0s
[0m[34m => [runtime-base 4/5] COPY --chmod=0555 scripts/ops/docker-entrypoint.sh  0.0s
[0m[34m => [dependencies 1/2] COPY package.json package-lock.json ./              0.0s
[0m[34m => [runtime-base 5/5] COPY --chown=semforge:semforge scripts/ops/preflig  0.1s
[0m => [dependencies 2/2] RUN npm ci                                          4.1s
[?25h[1A[1A[1A[1A[1A[1A[1A[1A[1A[0G[?25l[+] Building 7.0s (13/18)                                       docker:rootless
[34m => => transferring context: 3.01MB                                        0.1s
[0m[34m => CACHED [runtime-base 2/5] RUN apt-get update     && apt-get install -  0.0s
[0m[34m => CACHED [runtime-base 3/5] WORKDIR /app                                 0.0s
[0m[34m => CACHED [base 2/2] WORKDIR /app                                         0.0s
[0m[34m => [runtime-base 4/5] COPY --chmod=0555 scripts/ops/docker-entrypoint.sh  0.0s
[0m[34m => [dependencies 1/2] COPY package.json package-lock.json ./              0.0s
[0m[34m => [runtime-base 5/5] COPY --chown=semforge:semforge scripts/ops/preflig  0.1s
[0m => [dependencies 2/2] RUN npm ci                                          4.2s
[?25h[1A[1A[1A[1A[1A[1A[1A[1A[1A[0G[?25l[+] Building 7.1s (13/18)                                       docker:rootless
[34m => => transferring context: 3.01MB                                        0.1s
[0m[34m => CACHED [runtime-base 2/5] RUN apt-get update     && apt-get install -  0.0s
[0m[34m => CACHED [runtime-base 3/5] WORKDIR /app                                 0.0s
[0m[34m => CACHED [base 2/2] WORKDIR /app                                         0.0s
[0m[34m => [runtime-base 4/5] COPY --chmod=0555 scripts/ops/docker-entrypoint.sh  0.0s
[0m[34m => [dependencies 1/2] COPY package.json package-lock.json ./              0.0s
[0m[34m => [runtime-base 5/5] COPY --chown=semforge:semforge scripts/ops/preflig  0.1s
[0m => [dependencies 2/2] RUN npm ci                                          4.3s
[?25h[1A[1A[1A[1A[1A[1A[1A[1A[1A[0G[?25l[+] Building 7.2s (13/18)                                       docker:rootless
[34m => => transferring context: 3.01MB                                        0.1s
[0m[34m => CACHED [runtime-base 2/5] RUN apt-get update     && apt-get install -  0.0s
[0m[34m => CACHED [runtime-base 3/5] WORKDIR /app                                 0.0s
[0m[34m => CACHED [base 2/2] WORKDIR /app                                         0.0s
[0m[34m => [runtime-base 4/5] COPY --chmod=0555 scripts/ops/docker-entrypoint.sh  0.0s
[0m[34m => [dependencies 1/2] COPY package.json package-lock.json ./              0.0s
[0m[34m => [runtime-base 5/5] COPY --chown=semforge:semforge scripts/ops/preflig  0.1s
[0m => [dependencies 2/2] RUN npm ci                                          4.5s
[?25h[1A[1A[1A[1A[1A[1A[1A[1A[1A[0G[?25l[+] Building 7.4s (13/18)                                       docker:rootless
[34m => => transferring context: 3.01MB                                        0.1s
[0m[34m => CACHED [runtime-base 2/5] RUN apt-get update     && apt-get install -  0.0s
[0m[34m => CACHED [runtime-base 3/5] WORKDIR /app                                 0.0s
[0m[34m => CACHED [base 2/2] WORKDIR /app                                         0.0s
[0m[34m => [runtime-base 4/5] COPY --chmod=0555 scripts/ops/docker-entrypoint.sh  0.0s
[0m[34m => [dependencies 1/2] COPY package.json package-lock.json ./              0.0s
[0m[34m => [runtime-base 5/5] COPY --chown=semforge:semforge scripts/ops/preflig  0.1s
[0m => [dependencies 2/2] RUN npm ci                                          4.6s
[?25h[1A[1A[1A[1A[1A[1A[1A[1A[1A[0G[?25l[+] Building 7.5s (13/18)                                       docker:rootless
[34m => => transferring context: 3.01MB                                        0.1s
[0m[34m => CACHED [runtime-base 2/5] RUN apt-get update     && apt-get install -  0.0s
[0m[34m => CACHED [runtime-base 3/5] WORKDIR /app                                 0.0s
[0m[34m => CACHED [base 2/2] WORKDIR /app                                         0.0s
[0m[34m => [runtime-base 4/5] COPY --chmod=0555 scripts/ops/docker-entrypoint.sh  0.0s
[0m[34m => [dependencies 1/2] COPY package.json package-lock.json ./              0.0s
[0m[34m => [runtime-base 5/5] COPY --chown=semforge:semforge scripts/ops/preflig  0.1s
[0m => [dependencies 2/2] RUN npm ci                                          4.8s
[?25h[1A[1A[1A[1A[1A[1A[1A[1A[1A[0G[?25l[+] Building 7.7s (13/18)                                       docker:rootless
[34m => => transferring context: 3.01MB                                        0.1s
[0m[34m => CACHED [runtime-base 2/5] RUN apt-get update     && apt-get install -  0.0s
[0m[34m => CACHED [runtime-base 3/5] WORKDIR /app                                 0.0s
[0m[34m => CACHED [base 2/2] WORKDIR /app                                         0.0s
[0m[34m => [runtime-base 4/5] COPY --chmod=0555 scripts/ops/docker-entrypoint.sh  0.0s
[0m[34m => [dependencies 1/2] COPY package.json package-lock.json ./              0.0s
[0m[34m => [runtime-base 5/5] COPY --chown=semforge:semforge scripts/ops/preflig  0.1s
[0m => [dependencies 2/2] RUN npm ci                                          4.9s
[?25h[1A[1A[1A[1A[1A[1A[1A[1A[1A[0G[?25l[+] Building 7.8s (13/18)                                       docker:rootless
[34m => => transferring context: 3.01MB                                        0.1s
[0m[34m => CACHED [runtime-base 2/5] RUN apt-get update     && apt-get install -  0.0s
[0m[34m => CACHED [runtime-base 3/5] WORKDIR /app                                 0.0s
[0m[34m => CACHED [base 2/2] WORKDIR /app                                         0.0s
[0m[34m => [runtime-base 4/5] COPY --chmod=0555 scripts/ops/docker-entrypoint.sh  0.0s
[0m[34m => [dependencies 1/2] COPY package.json package-lock.json ./              0.0s
[0m[34m => [runtime-base 5/5] COPY --chown=semforge:semforge scripts/ops/preflig  0.1s
[0m => [dependencies 2/2] RUN npm ci                                          5.1s
[?25h[1A[1A[1A[1A[1A[1A[1A[1A[1A[0G[?25l[+] Building 8.0s (13/18)                                       docker:rootless
[34m => => transferring context: 3.01MB                                        0.1s
[0m[34m => CACHED [runtime-base 2/5] RUN apt-get update     && apt-get install -  0.0s
[0m[34m => CACHED [runtime-base 3/5] WORKDIR /app                                 0.0s
[0m[34m => CACHED [base 2/2] WORKDIR /app                                         0.0s
[0m[34m => [runtime-base 4/5] COPY --chmod=0555 scripts/ops/docker-entrypoint.sh  0.0s
[0m[34m => [dependencies 1/2] COPY package.json package-lock.json ./              0.0s
[0m[34m => [runtime-base 5/5] COPY --chown=semforge:semforge scripts/ops/preflig  0.1s
[0m => [dependencies 2/2] RUN npm ci                                          5.2s
[?25h[1A[1A[1A[1A[1A[1A[1A[1A[1A[0G[?25l[+] Building 8.1s (13/18)                                       docker:rootless
[34m => => transferring context: 3.01MB                                        0.1s
[0m[34m => CACHED [runtime-base 2/5] RUN apt-get update     && apt-get install -  0.0s
[0m[34m => CACHED [runtime-base 3/5] WORKDIR /app                                 0.0s
[0m[34m => CACHED [base 2/2] WORKDIR /app                                         0.0s
[0m[34m => [runtime-base 4/5] COPY --chmod=0555 scripts/ops/docker-entrypoint.sh  0.0s
[0m[34m => [dependencies 1/2] COPY package.json package-lock.json ./              0.0s
[0m[34m => [runtime-base 5/5] COPY --chown=semforge:semforge scripts/ops/preflig  0.1s
[0m => [dependencies 2/2] RUN npm ci                                          5.4s
[?25h[1A[1A[1A[1A[1A[1A[1A[1A[1A[0G[?25l[+] Building 8.3s (13/18)                                       docker:rootless
[34m => => transferring context: 3.01MB                                        0.1s
[0m[34m => CACHED [runtime-base 2/5] RUN apt-get update     && apt-get install -  0.0s
[0m[34m => CACHED [runtime-base 3/5] WORKDIR /app                                 0.0s
[0m[34m => CACHED [base 2/2] WORKDIR /app                                         0.0s
[0m[34m => [runtime-base 4/5] COPY --chmod=0555 scripts/ops/docker-entrypoint.sh  0.0s
[0m[34m => [dependencies 1/2] COPY package.json package-lock.json ./              0.0s
[0m[34m => [runtime-base 5/5] COPY --chown=semforge:semforge scripts/ops/preflig  0.1s
[0m => [dependencies 2/2] RUN npm ci                                          5.5s
[?25h[1A[1A[1A[1A[1A[1A[1A[1A[1A[0G[?25l[+] Building 8.4s (13/18)                                       docker:rootless
[34m => => transferring context: 3.01MB                                        0.1s
[0m[34m => CACHED [runtime-base 2/5] RUN apt-get update     && apt-get install -  0.0s
[0m[34m => CACHED [runtime-base 3/5] WORKDIR /app                                 0.0s
[0m[34m => CACHED [base 2/2] WORKDIR /app                                         0.0s
[0m[34m => [runtime-base 4/5] COPY --chmod=0555 scripts/ops/docker-entrypoint.sh  0.0s
[0m[34m => [dependencies 1/2] COPY package.json package-lock.json ./              0.0s
[0m[34m => [runtime-base 5/5] COPY --chown=semforge:semforge scripts/ops/preflig  0.1s
[0m => [dependencies 2/2] RUN npm ci                                          5.7s
[?25h[1A[1A[1A[1A[1A[1A[1A[1A[1A[0G[?25l[+] Building 8.6s (13/18)                                       docker:rootless
[34m => => transferring context: 3.01MB                                        0.1s
[0m[34m => CACHED [runtime-base 2/5] RUN apt-get update     && apt-get install -  0.0s
[0m[34m => CACHED [runtime-base 3/5] WORKDIR /app                                 0.0s
[0m[34m => CACHED [base 2/2] WORKDIR /app                                         0.0s
[0m[34m => [runtime-base 4/5] COPY --chmod=0555 scripts/ops/docker-entrypoint.sh  0.0s
[0m[34m => [dependencies 1/2] COPY package.json package-lock.json ./              0.0s
[0m[34m => [runtime-base 5/5] COPY --chown=semforge:semforge scripts/ops/preflig  0.1s
[0m => [dependencies 2/2] RUN npm ci                                          5.8s
[?25h[1A[1A[1A[1A[1A[1A[1A[1A[1A[0G[?25l[+] Building 8.7s (13/18)                                       docker:rootless
[34m => => transferring context: 3.01MB                                        0.1s
[0m[34m => CACHED [runtime-base 2/5] RUN apt-get update     && apt-get install -  0.0s
[0m[34m => CACHED [runtime-base 3/5] WORKDIR /app                                 0.0s
[0m[34m => CACHED [base 2/2] WORKDIR /app                                         0.0s
[0m[34m => [runtime-base 4/5] COPY --chmod=0555 scripts/ops/docker-entrypoint.sh  0.0s
[0m[34m => [dependencies 1/2] COPY package.json package-lock.json ./              0.0s
[0m[34m => [runtime-base 5/5] COPY --chown=semforge:semforge scripts/ops/preflig  0.1s
[0m => [dependencies 2/2] RUN npm ci                                          6.0s
[?25h[1A[1A[1A[1A[1A[1A[1A[1A[1A[0G[?25l[+] Building 8.9s (13/18)                                       docker:rootless
[34m => => transferring context: 3.01MB                                        0.1s
[0m[34m => CACHED [runtime-base 2/5] RUN apt-get update     && apt-get install -  0.0s
[0m[34m => CACHED [runtime-base 3/5] WORKDIR /app                                 0.0s
[0m[34m => CACHED [base 2/2] WORKDIR /app                                         0.0s
[0m[34m => [runtime-base 4/5] COPY --chmod=0555 scripts/ops/docker-entrypoint.sh  0.0s
[0m[34m => [dependencies 1/2] COPY package.json package-lock.json ./              0.0s
[0m[34m => [runtime-base 5/5] COPY --chown=semforge:semforge scripts/ops/preflig  0.1s
[0m => [dependencies 2/2] RUN npm ci                                          6.1s
[?25h[1A[1A[1A[1A[1A[1A[1A[1A[1A[0G[?25l[+] Building 9.0s (13/18)                                       docker:rootless
[34m => => transferring context: 3.01MB                                        0.1s
[0m[34m => CACHED [runtime-base 2/5] RUN apt-get update     && apt-get install -  0.0s
[0m[34m => CACHED [runtime-base 3/5] WORKDIR /app                                 0.0s
[0m[34m => CACHED [base 2/2] WORKDIR /app                                         0.0s
[0m[34m => [runtime-base 4/5] COPY --chmod=0555 scripts/ops/docker-entrypoint.sh  0.0s
[0m[34m => [dependencies 1/2] COPY package.json package-lock.json ./              0.0s
[0m[34m => [runtime-base 5/5] COPY --chown=semforge:semforge scripts/ops/preflig  0.1s
[0m => [dependencies 2/2] RUN npm ci                                          6.3s
[?25h[1A[1A[1A[1A[1A[1A[1A[1A[1A[0G[?25l[+] Building 9.2s (13/18)                                       docker:rootless
[34m => => transferring context: 3.01MB                                        0.1s
[0m[34m => CACHED [runtime-base 2/5] RUN apt-get update     && apt-get install -  0.0s
[0m[34m => CACHED [runtime-base 3/5] WORKDIR /app                                 0.0s
[0m[34m => CACHED [base 2/2] WORKDIR /app                                         0.0s
[0m[34m => [runtime-base 4/5] COPY --chmod=0555 scripts/ops/docker-entrypoint.sh  0.0s
[0m[34m => [dependencies 1/2] COPY package.json package-lock.json ./              0.0s
[0m[34m => [runtime-base 5/5] COPY --chown=semforge:semforge scripts/ops/preflig  0.1s
[0m => [dependencies 2/2] RUN npm ci                                          6.4s
[?25h[1A[1A[1A[1A[1A[1A[1A[1A[1A[0G[?25l[+] Building 9.3s (13/18)                                       docker:rootless
[34m => => transferring context: 3.01MB                                        0.1s
[0m[34m => CACHED [runtime-base 2/5] RUN apt-get update     && apt-get install -  0.0s
[0m[34m => CACHED [runtime-base 3/5] WORKDIR /app                                 0.0s
[0m[34m => CACHED [base 2/2] WORKDIR /app                                         0.0s
[0m[34m => [runtime-base 4/5] COPY --chmod=0555 scripts/ops/docker-entrypoint.sh  0.0s
[0m[34m => [dependencies 1/2] COPY package.json package-lock.json ./              0.0s
[0m[34m => [runtime-base 5/5] COPY --chown=semforge:semforge scripts/ops/preflig  0.1s
[0m => [dependencies 2/2] RUN npm ci                                          6.6s
[?25h[1A[1A[1A[1A[1A[1A[1A[1A[1A[0G[?25l[+] Building 9.5s (13/18)                                       docker:rootless
[34m => => transferring context: 3.01MB                                        0.1s
[0m[34m => CACHED [runtime-base 2/5] RUN apt-get update     && apt-get install -  0.0s
[0m[34m => CACHED [runtime-base 3/5] WORKDIR /app                                 0.0s
[0m[34m => CACHED [base 2/2] WORKDIR /app                                         0.0s
[0m[34m => [runtime-base 4/5] COPY --chmod=0555 scripts/ops/docker-entrypoint.sh  0.0s
[0m[34m => [dependencies 1/2] COPY package.json package-lock.json ./              0.0s
[0m[34m => [runtime-base 5/5] COPY --chown=semforge:semforge scripts/ops/preflig  0.1s
[0m => [dependencies 2/2] RUN npm ci                                          6.7s
[?25h[1A[1A[1A[1A[1A[1A[1A[1A[1A[0G[?25l[+] Building 9.6s (13/18)                                       docker:rootless
[34m => => transferring context: 3.01MB                                        0.1s
[0m[34m => CACHED [runtime-base 2/5] RUN apt-get update     && apt-get install -  0.0s
[0m[34m => CACHED [runtime-base 3/5] WORKDIR /app                                 0.0s
[0m[34m => CACHED [base 2/2] WORKDIR /app                                         0.0s
[0m[34m => [runtime-base 4/5] COPY --chmod=0555 scripts/ops/docker-entrypoint.sh  0.0s
[0m[34m => [dependencies 1/2] COPY package.json package-lock.json ./              0.0s
[0m[34m => [runtime-base 5/5] COPY --chown=semforge:semforge scripts/ops/preflig  0.1s
[0m => [dependencies 2/2] RUN npm ci                                          6.9s
[?25h[1A[1A[1A[1A[1A[1A[1A[1A[1A[0G[?25l[+] Building 9.8s (13/18)                                       docker:rootless
[34m => => transferring context: 3.01MB                                        0.1s
[0m[34m => CACHED [runtime-base 2/5] RUN apt-get update     && apt-get install -  0.0s
[0m[34m => CACHED [runtime-base 3/5] WORKDIR /app                                 0.0s
[0m[34m => CACHED [base 2/2] WORKDIR /app                                         0.0s
[0m[34m => [runtime-base 4/5] COPY --chmod=0555 scripts/ops/docker-entrypoint.sh  0.0s
[0m[34m => [dependencies 1/2] COPY package.json package-lock.json ./              0.0s
[0m[34m => [runtime-base 5/5] COPY --chown=semforge:semforge scripts/ops/preflig  0.1s
[0m => [dependencies 2/2] RUN npm ci                                          7.0s
[?25h[1A[1A[1A[1A[1A[1A[1A[1A[1A[0G[?25l[+] Building 9.9s (13/18)                                       docker:rootless
[34m => => transferring context: 3.01MB                                        0.1s
[0m[34m => CACHED [runtime-base 2/5] RUN apt-get update     && apt-get install -  0.0s
[0m[34m => CACHED [runtime-base 3/5] WORKDIR /app                                 0.0s
[0m[34m => CACHED [base 2/2] WORKDIR /app                                         0.0s
[0m[34m => [runtime-base 4/5] COPY --chmod=0555 scripts/ops/docker-entrypoint.sh  0.0s
[0m[34m => [dependencies 1/2] COPY package.json package-lock.json ./              0.0s
[0m[34m => [runtime-base 5/5] COPY --chown=semforge:semforge scripts/ops/preflig  0.1s
[0m => [dependencies 2/2] RUN npm ci                                          7.2s
[?25h[1A[1A[1A[1A[1A[1A[1A[1A[1A[0G[?25l[+] Building 10.1s (13/18)                                      docker:rootless
[34m => => transferring context: 3.01MB                                        0.1s
[0m[34m => CACHED [runtime-base 2/5] RUN apt-get update     && apt-get install -  0.0s
[0m[34m => CACHED [runtime-base 3/5] WORKDIR /app                                 0.0s
[0m[34m => CACHED [base 2/2] WORKDIR /app                                         0.0s
[0m[34m => [runtime-base 4/5] COPY --chmod=0555 scripts/ops/docker-entrypoint.sh  0.0s
[0m[34m => [dependencies 1/2] COPY package.json package-lock.json ./              0.0s
[0m[34m => [runtime-base 5/5] COPY --chown=semforge:semforge scripts/ops/preflig  0.1s
[0m => [dependencies 2/2] RUN npm ci                                          7.3s
[?25h[1A[1A[1A[1A[1A[1A[1A[1A[1A[0G[?25l[+] Building 10.2s (13/18)                                      docker:rootless
[34m => => transferring context: 3.01MB                                        0.1s
[0m[34m => CACHED [runtime-base 2/5] RUN apt-get update     && apt-get install -  0.0s
[0m[34m => CACHED [runtime-base 3/5] WORKDIR /app                                 0.0s
[0m[34m => CACHED [base 2/2] WORKDIR /app                                         0.0s
[0m[34m => [runtime-base 4/5] COPY --chmod=0555 scripts/ops/docker-entrypoint.sh  0.0s
[0m[34m => [dependencies 1/2] COPY package.json package-lock.json ./              0.0s
[0m[34m => [runtime-base 5/5] COPY --chown=semforge:semforge scripts/ops/preflig  0.1s
[0m => [dependencies 2/2] RUN npm ci                                          7.5s
[?25h[1A[1A[1A[1A[1A[1A[1A[1A[1A[0G[?25l[+] Building 10.4s (13/18)                                      docker:rootless
[34m => => transferring context: 3.01MB                                        0.1s
[0m[34m => CACHED [runtime-base 2/5] RUN apt-get update     && apt-get install -  0.0s
[0m[34m => CACHED [runtime-base 3/5] WORKDIR /app                                 0.0s
[0m[34m => CACHED [base 2/2] WORKDIR /app                                         0.0s
[0m[34m => [runtime-base 4/5] COPY --chmod=0555 scripts/ops/docker-entrypoint.sh  0.0s
[0m[34m => [dependencies 1/2] COPY package.json package-lock.json ./              0.0s
[0m[34m => [runtime-base 5/5] COPY --chown=semforge:semforge scripts/ops/preflig  0.1s
[0m => [dependencies 2/2] RUN npm ci                                          7.6s
[?25h[1A[1A[1A[1A[1A[1A[1A[1A[1A[0G[?25l[+] Building 10.5s (13/18)                                      docker:rootless
[34m => => transferring context: 3.01MB                                        0.1s
[0m[34m => CACHED [runtime-base 2/5] RUN apt-get update     && apt-get install -  0.0s
[0m[34m => CACHED [runtime-base 3/5] WORKDIR /app                                 0.0s
[0m[34m => CACHED [base 2/2] WORKDIR /app                                         0.0s
[0m[34m => [runtime-base 4/5] COPY --chmod=0555 scripts/ops/docker-entrypoint.sh  0.0s
[0m[34m => [dependencies 1/2] COPY package.json package-lock.json ./              0.0s
[0m[34m => [runtime-base 5/5] COPY --chown=semforge:semforge scripts/ops/preflig  0.1s
[0m => [dependencies 2/2] RUN npm ci                                          7.8s
[?25h[1A[1A[1A[1A[1A[1A[1A[1A[1A[0G[?25l[+] Building 10.7s (13/18)                                      docker:rootless
[34m => => transferring context: 3.01MB                                        0.1s
[0m[34m => CACHED [runtime-base 2/5] RUN apt-get update     && apt-get install -  0.0s
[0m[34m => CACHED [runtime-base 3/5] WORKDIR /app                                 0.0s
[0m[34m => CACHED [base 2/2] WORKDIR /app                                         0.0s
[0m[34m => [runtime-base 4/5] COPY --chmod=0555 scripts/ops/docker-entrypoint.sh  0.0s
[0m[34m => [dependencies 1/2] COPY package.json package-lock.json ./              0.0s
[0m[34m => [runtime-base 5/5] COPY --chown=semforge:semforge scripts/ops/preflig  0.1s
[0m => [dependencies 2/2] RUN npm ci                                          8.0s
[?25h[1A[1A[1A[1A[1A[1A[1A[1A[1A[0G[?25l[+] Building 10.8s (13/18)                                      docker:rootless
[34m => => transferring context: 3.01MB                                        0.1s
[0m[34m => CACHED [runtime-base 2/5] RUN apt-get update     && apt-get install -  0.0s
[0m[34m => CACHED [runtime-base 3/5] WORKDIR /app                                 0.0s
[0m[34m => CACHED [base 2/2] WORKDIR /app                                         0.0s
[0m[34m => [runtime-base 4/5] COPY --chmod=0555 scripts/ops/docker-entrypoint.sh  0.0s
[0m[34m => [dependencies 1/2] COPY package.json package-lock.json ./              0.0s
[0m[34m => [runtime-base 5/5] COPY --chown=semforge:semforge scripts/ops/preflig  0.1s
[0m => [dependencies 2/2] RUN npm ci                                          8.1s
[?25h[1A[1A[1A[1A[1A[1A[1A[1A[1A[0G[?25l[+] Building 11.0s (13/18)                                      docker:rootless
[34m => => transferring context: 3.01MB                                        0.1s
[0m[34m => CACHED [runtime-base 2/5] RUN apt-get update     && apt-get install -  0.0s
[0m[34m => CACHED [runtime-base 3/5] WORKDIR /app                                 0.0s
[0m[34m => CACHED [base 2/2] WORKDIR /app                                         0.0s
[0m[34m => [runtime-base 4/5] COPY --chmod=0555 scripts/ops/docker-entrypoint.sh  0.0s
[0m[34m => [dependencies 1/2] COPY package.json package-lock.json ./              0.0s
[0m[34m => [runtime-base 5/5] COPY --chown=semforge:semforge scripts/ops/preflig  0.1s
[0m => [dependencies 2/2] RUN npm ci                                          8.2s
[?25h[1A[1A[1A[1A[1A[1A[1A[1A[1A[0G[?25l[+] Building 11.1s (13/18)                                      docker:rootless
[34m => => transferring context: 3.01MB                                        0.1s
[0m[34m => CACHED [runtime-base 2/5] RUN apt-get update     && apt-get install -  0.0s
[0m[34m => CACHED [runtime-base 3/5] WORKDIR /app                                 0.0s
[0m[34m => CACHED [base 2/2] WORKDIR /app                                         0.0s
[0m[34m => [runtime-base 4/5] COPY --chmod=0555 scripts/ops/docker-entrypoint.sh  0.0s
[0m[34m => [dependencies 1/2] COPY package.json package-lock.json ./              0.0s
[0m[34m => [runtime-base 5/5] COPY --chown=semforge:semforge scripts/ops/preflig  0.1s
[0m => [dependencies 2/2] RUN npm ci                                          8.4s
[?25h[1A[1A[1A[1A[1A[1A[1A[1A[1A[0G[?25l[+] Building 11.3s (13/18)                                      docker:rootless
[34m => => transferring context: 3.01MB                                        0.1s
[0m[34m => CACHED [runtime-base 2/5] RUN apt-get update     && apt-get install -  0.0s
[0m[34m => CACHED [runtime-base 3/5] WORKDIR /app                                 0.0s
[0m[34m => CACHED [base 2/2] WORKDIR /app                                         0.0s
[0m[34m => [runtime-base 4/5] COPY --chmod=0555 scripts/ops/docker-entrypoint.sh  0.0s
[0m[34m => [dependencies 1/2] COPY package.json package-lock.json ./              0.0s
[0m[34m => [runtime-base 5/5] COPY --chown=semforge:semforge scripts/ops/preflig  0.1s
[0m => [dependencies 2/2] RUN npm ci                                          8.5s
[?25h[1A[1A[1A[1A[1A[1A[1A[1A[1A[0G[?25l[+] Building 11.4s (13/18)                                      docker:rootless
[34m => => transferring context: 3.01MB                                        0.1s
[0m[34m => CACHED [runtime-base 2/5] RUN apt-get update     && apt-get install -  0.0s
[0m[34m => CACHED [runtime-base 3/5] WORKDIR /app                                 0.0s
[0m[34m => CACHED [base 2/2] WORKDIR /app                                         0.0s
[0m[34m => [runtime-base 4/5] COPY --chmod=0555 scripts/ops/docker-entrypoint.sh  0.0s
[0m[34m => [dependencies 1/2] COPY package.json package-lock.json ./              0.0s
[0m[34m => [runtime-base 5/5] COPY --chown=semforge:semforge scripts/ops/preflig  0.1s
[0m => [dependencies 2/2] RUN npm ci                                          8.7s
[?25h[1A[1A[1A[1A[1A[1A[1A[1A[1A[0G[?25l[+] Building 11.6s (13/18)                                      docker:rootless
[34m => => transferring context: 3.01MB                                        0.1s
[0m[34m => CACHED [runtime-base 2/5] RUN apt-get update     && apt-get install -  0.0s
[0m[34m => CACHED [runtime-base 3/5] WORKDIR /app                                 0.0s
[0m[34m => CACHED [base 2/2] WORKDIR /app                                         0.0s
[0m[34m => [runtime-base 4/5] COPY --chmod=0555 scripts/ops/docker-entrypoint.sh  0.0s
[0m[34m => [dependencies 1/2] COPY package.json package-lock.json ./              0.0s
[0m[34m => [runtime-base 5/5] COPY --chown=semforge:semforge scripts/ops/preflig  0.1s
[0m => [dependencies 2/2] RUN npm ci                                          8.8s
[?25h[1A[1A[1A[1A[1A[1A[1A[1A[1A[0G[?25l[+] Building 11.7s (13/18)                                      docker:rootless
[34m => => transferring context: 3.01MB                                        0.1s
[0m[34m => CACHED [runtime-base 2/5] RUN apt-get update     && apt-get install -  0.0s
[0m[34m => CACHED [runtime-base 3/5] WORKDIR /app                                 0.0s
[0m[34m => CACHED [base 2/2] WORKDIR /app                                         0.0s
[0m[34m => [runtime-base 4/5] COPY --chmod=0555 scripts/ops/docker-entrypoint.sh  0.0s
[0m[34m => [dependencies 1/2] COPY package.json package-lock.json ./              0.0s
[0m[34m => [runtime-base 5/5] COPY --chown=semforge:semforge scripts/ops/preflig  0.1s
[0m => [dependencies 2/2] RUN npm ci                                          9.0s
[?25h[1A[1A[1A[1A[1A[1A[1A[1A[1A[0G[?25l[+] Building 11.9s (13/18)                                      docker:rootless
[34m => => transferring context: 3.01MB                                        0.1s
[0m[34m => CACHED [runtime-base 2/5] RUN apt-get update     && apt-get install -  0.0s
[0m[34m => CACHED [runtime-base 3/5] WORKDIR /app                                 0.0s
[0m[34m => CACHED [base 2/2] WORKDIR /app                                         0.0s
[0m[34m => [runtime-base 4/5] COPY --chmod=0555 scripts/ops/docker-entrypoint.sh  0.0s
[0m[34m => [dependencies 1/2] COPY package.json package-lock.json ./              0.0s
[0m[34m => [runtime-base 5/5] COPY --chown=semforge:semforge scripts/ops/preflig  0.1s
[0m => [dependencies 2/2] RUN npm ci                                          9.1s
[?25h[1A[1A[1A[1A[1A[1A[1A[1A[1A[0G[?25l[+] Building 12.0s (13/18)                                      docker:rootless
[34m => => transferring context: 3.01MB                                        0.1s
[0m[34m => CACHED [runtime-base 2/5] RUN apt-get update     && apt-get install -  0.0s
[0m[34m => CACHED [runtime-base 3/5] WORKDIR /app                                 0.0s
[0m[34m => CACHED [base 2/2] WORKDIR /app                                         0.0s
[0m[34m => [runtime-base 4/5] COPY --chmod=0555 scripts/ops/docker-entrypoint.sh  0.0s
[0m[34m => [dependencies 1/2] COPY package.json package-lock.json ./              0.0s
[0m[34m => [runtime-base 5/5] COPY --chown=semforge:semforge scripts/ops/preflig  0.1s
[0m => [dependencies 2/2] RUN npm ci                                          9.3s
[?25h[1A[1A[1A[1A[1A[1A[1A[1A[1A[0G[?25l[+] Building 12.2s (13/18)                                      docker:rootless
[34m => => transferring context: 3.01MB                                        0.1s
[0m[34m => CACHED [runtime-base 2/5] RUN apt-get update     && apt-get install -  0.0s
[0m[34m => CACHED [runtime-base 3/5] WORKDIR /app                                 0.0s
[0m[34m => CACHED [base 2/2] WORKDIR /app                                         0.0s
[0m[34m => [runtime-base 4/5] COPY --chmod=0555 scripts/ops/docker-entrypoint.sh  0.0s
[0m[34m => [dependencies 1/2] COPY package.json package-lock.json ./              0.0s
[0m[34m => [runtime-base 5/5] COPY --chown=semforge:semforge scripts/ops/preflig  0.1s
[0m => [dependencies 2/2] RUN npm ci                                          9.4s
[?25h[1A[1A[1A[1A[1A[1A[1A[1A[1A[0G[?25l[+] Building 12.3s (13/18)                                      docker:rootless
[34m => => transferring context: 3.01MB                                        0.1s
[0m[34m => CACHED [runtime-base 2/5] RUN apt-get update     && apt-get install -  0.0s
[0m[34m => CACHED [runtime-base 3/5] WORKDIR /app                                 0.0s
[0m[34m => CACHED [base 2/2] WORKDIR /app                                         0.0s
[0m[34m => [runtime-base 4/5] COPY --chmod=0555 scripts/ops/docker-entrypoint.sh  0.0s
[0m[34m => [dependencies 1/2] COPY package.json package-lock.json ./              0.0s
[0m[34m => [runtime-base 5/5] COPY --chown=semforge:semforge scripts/ops/preflig  0.1s
[0m => [dependencies 2/2] RUN npm ci                                          9.6s
[?25h[1A[1A[1A[1A[1A[1A[1A[1A[1A[0G[?25l[+] Building 12.5s (13/18)                                      docker:rootless
[34m => => transferring context: 3.01MB                                        0.1s
[0m[34m => CACHED [runtime-base 2/5] RUN apt-get update     && apt-get install -  0.0s
[0m[34m => CACHED [runtime-base 3/5] WORKDIR /app                                 0.0s
[0m[34m => CACHED [base 2/2] WORKDIR /app                                         0.0s
[0m[34m => [runtime-base 4/5] COPY --chmod=0555 scripts/ops/docker-entrypoint.sh  0.0s
[0m[34m => [dependencies 1/2] COPY package.json package-lock.json ./              0.0s
[0m[34m => [runtime-base 5/5] COPY --chown=semforge:semforge scripts/ops/preflig  0.1s
[0m => [dependencies 2/2] RUN npm ci                                          9.7s
[?25h[1A[1A[1A[1A[1A[1A[1A[1A[1A[0G[?25l[+] Building 12.6s (13/18)                                      docker:rootless
[34m => => transferring context: 3.01MB                                        0.1s
[0m[34m => CACHED [runtime-base 2/5] RUN apt-get update     && apt-get install -  0.0s
[0m[34m => CACHED [runtime-base 3/5] WORKDIR /app                                 0.0s
[0m[34m => CACHED [base 2/2] WORKDIR /app                                         0.0s
[0m[34m => [runtime-base 4/5] COPY --chmod=0555 scripts/ops/docker-entrypoint.sh  0.0s
[0m[34m => [dependencies 1/2] COPY package.json package-lock.json ./              0.0s
[0m[34m => [runtime-base 5/5] COPY --chown=semforge:semforge scripts/ops/preflig  0.1s
[0m => [dependencies 2/2] RUN npm ci                                          9.9s
[?25h[1A[1A[1A[1A[1A[1A[1A[1A[1A[0G[?25l[+] Building 12.8s (13/18)                                      docker:rootless
[34m => => transferring context: 3.01MB                                        0.1s
[0m[34m => CACHED [runtime-base 2/5] RUN apt-get update     && apt-get install -  0.0s
[0m[34m => CACHED [runtime-base 3/5] WORKDIR /app                                 0.0s
[0m[34m => CACHED [base 2/2] WORKDIR /app                                         0.0s
[0m[34m => [runtime-base 4/5] COPY --chmod=0555 scripts/ops/docker-entrypoint.sh  0.0s
[0m[34m => [dependencies 1/2] COPY package.json package-lock.json ./              0.0s
[0m[34m => [runtime-base 5/5] COPY --chown=semforge:semforge scripts/ops/preflig  0.1s
[0m => [dependencies 2/2] RUN npm ci                                         10.0s
[?25h[1A[1A[1A[1A[1A[1A[1A[1A[1A[0G[?25l[+] Building 12.9s (13/18)                                      docker:rootless
[34m => => transferring context: 3.01MB                                        0.1s
[0m[34m => CACHED [runtime-base 2/5] RUN apt-get update     && apt-get install -  0.0s
[0m[34m => CACHED [runtime-base 3/5] WORKDIR /app                                 0.0s
[0m[34m => CACHED [base 2/2] WORKDIR /app                                         0.0s
[0m[34m => [runtime-base 4/5] COPY --chmod=0555 scripts/ops/docker-entrypoint.sh  0.0s
[0m[34m => [dependencies 1/2] COPY package.json package-lock.json ./              0.0s
[0m[34m => [runtime-base 5/5] COPY --chown=semforge:semforge scripts/ops/preflig  0.1s
[0m => [dependencies 2/2] RUN npm ci                                         10.2s
[?25h[1A[1A[1A[1A[1A[1A[1A[1A[1A[0G[?25l[+] Building 13.1s (13/18)                                      docker:rootless
[34m => => transferring context: 3.01MB                                        0.1s
[0m[34m => CACHED [runtime-base 2/5] RUN apt-get update     && apt-get install -  0.0s
[0m[34m => CACHED [runtime-base 3/5] WORKDIR /app                                 0.0s
[0m[34m => CACHED [base 2/2] WORKDIR /app                                         0.0s
[0m[34m => [runtime-base 4/5] COPY --chmod=0555 scripts/ops/docker-entrypoint.sh  0.0s
[0m[34m => [dependencies 1/2] COPY package.json package-lock.json ./              0.0s
[0m[34m => [runtime-base 5/5] COPY --chown=semforge:semforge scripts/ops/preflig  0.1s
[0m => [dependencies 2/2] RUN npm ci                                         10.3s
[?25h[1A[1A[1A[1A[1A[1A[1A[1A[1A[0G[?25l[+] Building 13.2s (13/18)                                      docker:rootless
[34m => => transferring context: 3.01MB                                        0.1s
[0m[34m => CACHED [runtime-base 2/5] RUN apt-get update     && apt-get install -  0.0s
[0m[34m => CACHED [runtime-base 3/5] WORKDIR /app                                 0.0s
[0m[34m => CACHED [base 2/2] WORKDIR /app                                         0.0s
[0m[34m => [runtime-base 4/5] COPY --chmod=0555 scripts/ops/docker-entrypoint.sh  0.0s
[0m[34m => [dependencies 1/2] COPY package.json package-lock.json ./              0.0s
[0m[34m => [runtime-base 5/5] COPY --chown=semforge:semforge scripts/ops/preflig  0.1s
[0m => [dependencies 2/2] RUN npm ci                                         10.5s
[?25h[1A[1A[1A[1A[1A[1A[1A[1A[1A[0G[?25l[+] Building 13.4s (13/18)                                      docker:rootless
[34m => => transferring context: 3.01MB                                        0.1s
[0m[34m => CACHED [runtime-base 2/5] RUN apt-get update     && apt-get install -  0.0s
[0m[34m => CACHED [runtime-base 3/5] WORKDIR /app                                 0.0s
[0m[34m => CACHED [base 2/2] WORKDIR /app                                         0.0s
[0m[34m => [runtime-base 4/5] COPY --chmod=0555 scripts/ops/docker-entrypoint.sh  0.0s
[0m[34m => [dependencies 1/2] COPY package.json package-lock.json ./              0.0s
[0m[34m => [runtime-base 5/5] COPY --chown=semforge:semforge scripts/ops/preflig  0.1s
[0m => [dependencies 2/2] RUN npm ci                                         10.6s
[?25h[1A[1A[1A[1A[1A[1A[1A[1A[1A[0G[?25l[+] Building 13.5s (13/18)                                      docker:rootless
[34m => => transferring context: 3.01MB                                        0.1s
[0m[34m => CACHED [runtime-base 2/5] RUN apt-get update     && apt-get install -  0.0s
[0m[34m => CACHED [runtime-base 3/5] WORKDIR /app                                 0.0s
[0m[34m => CACHED [base 2/2] WORKDIR /app                                         0.0s
[0m[34m => [runtime-base 4/5] COPY --chmod=0555 scripts/ops/docker-entrypoint.sh  0.0s
[0m[34m => [dependencies 1/2] COPY package.json package-lock.json ./              0.0s
[0m[34m => [runtime-base 5/5] COPY --chown=semforge:semforge scripts/ops/preflig  0.1s
[0m => [dependencies 2/2] RUN npm ci                                         10.8s
[?25h[1A[1A[1A[1A[1A[1A[1A[1A[1A[0G[?25l[+] Building 13.7s (13/18)                                      docker:rootless
[34m => => transferring context: 3.01MB                                        0.1s
[0m[34m => CACHED [runtime-base 2/5] RUN apt-get update     && apt-get install -  0.0s
[0m[34m => CACHED [runtime-base 3/5] WORKDIR /app                                 0.0s
[0m[34m => CACHED [base 2/2] WORKDIR /app                                         0.0s
[0m[34m => [runtime-base 4/5] COPY --chmod=0555 scripts/ops/docker-entrypoint.sh  0.0s
[0m[34m => [dependencies 1/2] COPY package.json package-lock.json ./              0.0s
[0m[34m => [runtime-base 5/5] COPY --chown=semforge:semforge scripts/ops/preflig  0.1s
[0m => [dependencies 2/2] RUN npm ci                                         10.9s
[?25h[1A[1A[1A[1A[1A[1A[1A[1A[1A[0G[?25l[+] Building 13.8s (13/18)                                      docker:rootless
[34m => => transferring context: 3.01MB                                        0.1s
[0m[34m => CACHED [runtime-base 2/5] RUN apt-get update     && apt-get install -  0.0s
[0m[34m => CACHED [runtime-base 3/5] WORKDIR /app                                 0.0s
[0m[34m => CACHED [base 2/2] WORKDIR /app                                         0.0s
[0m[34m => [runtime-base 4/5] COPY --chmod=0555 scripts/ops/docker-entrypoint.sh  0.0s
[0m[34m => [dependencies 1/2] COPY package.json package-lock.json ./              0.0s
[0m[34m => [runtime-base 5/5] COPY --chown=semforge:semforge scripts/ops/preflig  0.1s
[0m => [dependencies 2/2] RUN npm ci                                         11.1s
[?25h[1A[1A[1A[1A[1A[1A[1A[1A[1A[0G[?25l[+] Building 14.0s (13/18)                                      docker:rootless
[34m => => transferring context: 3.01MB                                        0.1s
[0m[34m => CACHED [runtime-base 2/5] RUN apt-get update     && apt-get install -  0.0s
[0m[34m => CACHED [runtime-base 3/5] WORKDIR /app                                 0.0s
[0m[34m => CACHED [base 2/2] WORKDIR /app                                         0.0s
[0m[34m => [runtime-base 4/5] COPY --chmod=0555 scripts/ops/docker-entrypoint.sh  0.0s
[0m[34m => [dependencies 1/2] COPY package.json package-lock.json ./              0.0s
[0m[34m => [runtime-base 5/5] COPY --chown=semforge:semforge scripts/ops/preflig  0.1s
[0m => [dependencies 2/2] RUN npm ci                                         11.2s
[?25h[1A[1A[1A[1A[1A[1A[1A[1A[1A[0G[?25l[+] Building 14.1s (13/18)                                      docker:rootless
[34m => => transferring context: 3.01MB                                        0.1s
[0m[34m => CACHED [runtime-base 2/5] RUN apt-get update     && apt-get install -  0.0s
[0m[34m => CACHED [runtime-base 3/5] WORKDIR /app                                 0.0s
[0m[34m => CACHED [base 2/2] WORKDIR /app                                         0.0s
[0m[34m => [runtime-base 4/5] COPY --chmod=0555 scripts/ops/docker-entrypoint.sh  0.0s
[0m[34m => [dependencies 1/2] COPY package.json package-lock.json ./              0.0s
[0m[34m => [runtime-base 5/5] COPY --chown=semforge:semforge scripts/ops/preflig  0.1s
[0m => [dependencies 2/2] RUN npm ci                                         11.4s
[?25h[1A[1A[1A[1A[1A[1A[1A[1A[1A[0G[?25l[+] Building 14.3s (13/18)                                      docker:rootless
[34m => => transferring context: 3.01MB                                        0.1s
[0m[34m => CACHED [runtime-base 2/5] RUN apt-get update     && apt-get install -  0.0s
[0m[34m => CACHED [runtime-base 3/5] WORKDIR /app                                 0.0s
[0m[34m => CACHED [base 2/2] WORKDIR /app                                         0.0s
[0m[34m => [runtime-base 4/5] COPY --chmod=0555 scripts/ops/docker-entrypoint.sh  0.0s
[0m[34m => [dependencies 1/2] COPY package.json package-lock.json ./              0.0s
[0m[34m => [runtime-base 5/5] COPY --chown=semforge:semforge scripts/ops/preflig  0.1s
[0m => [dependencies 2/2] RUN npm ci                                         11.5s
[?25h[1A[1A[1A[1A[1A[1A[1A[1A[1A[0G[?25l[+] Building 14.4s (13/18)                                      docker:rootless
[34m => => transferring context: 3.01MB                                        0.1s
[0m[34m => CACHED [runtime-base 2/5] RUN apt-get update     && apt-get install -  0.0s
[0m[34m => CACHED [runtime-base 3/5] WORKDIR /app                                 0.0s
[0m[34m => CACHED [base 2/2] WORKDIR /app                                         0.0s
[0m[34m => [runtime-base 4/5] COPY --chmod=0555 scripts/ops/docker-entrypoint.sh  0.0s
[0m[34m => [dependencies 1/2] COPY package.json package-lock.json ./              0.0s
[0m[34m => [runtime-base 5/5] COPY --chown=semforge:semforge scripts/ops/preflig  0.1s
[0m => [dependencies 2/2] RUN npm ci                                         11.7s
[?25h[1A[1A[1A[1A[1A[1A[1A[1A[1A[0G[?25l[+] Building 14.6s (13/18)                                      docker:rootless
[34m => => transferring context: 3.01MB                                        0.1s
[0m[34m => CACHED [runtime-base 2/5] RUN apt-get update     && apt-get install -  0.0s
[0m[34m => CACHED [runtime-base 3/5] WORKDIR /app                                 0.0s
[0m[34m => CACHED [base 2/2] WORKDIR /app                                         0.0s
[0m[34m => [runtime-base 4/5] COPY --chmod=0555 scripts/ops/docker-entrypoint.sh  0.0s
[0m[34m => [dependencies 1/2] COPY package.json package-lock.json ./              0.0s
[0m[34m => [runtime-base 5/5] COPY --chown=semforge:semforge scripts/ops/preflig  0.1s
[0m => [dependencies 2/2] RUN npm ci                                         11.8s
[?25h[1A[1A[1A[1A[1A[1A[1A[1A[1A[0G[?25l[+] Building 14.7s (13/18)                                      docker:rootless
[34m => => transferring context: 3.01MB                                        0.1s
[0m[34m => CACHED [runtime-base 2/5] RUN apt-get update     && apt-get install -  0.0s
[0m[34m => CACHED [runtime-base 3/5] WORKDIR /app                                 0.0s
[0m[34m => CACHED [base 2/2] WORKDIR /app                                         0.0s
[0m[34m => [runtime-base 4/5] COPY --chmod=0555 scripts/ops/docker-entrypoint.sh  0.0s
[0m[34m => [dependencies 1/2] COPY package.json package-lock.json ./              0.0s
[0m[34m => [runtime-base 5/5] COPY --chown=semforge:semforge scripts/ops/preflig  0.1s
[0m => [dependencies 2/2] RUN npm ci                                         12.0s
[?25h[1A[1A[1A[1A[1A[1A[1A[1A[1A[0G[?25l[+] Building 14.9s (13/18)                                      docker:rootless
[34m => => transferring context: 3.01MB                                        0.1s
[0m[34m => CACHED [runtime-base 2/5] RUN apt-get update     && apt-get install -  0.0s
[0m[34m => CACHED [runtime-base 3/5] WORKDIR /app                                 0.0s
[0m[34m => CACHED [base 2/2] WORKDIR /app                                         0.0s
[0m[34m => [runtime-base 4/5] COPY --chmod=0555 scripts/ops/docker-entrypoint.sh  0.0s
[0m[34m => [dependencies 1/2] COPY package.json package-lock.json ./              0.0s
[0m[34m => [runtime-base 5/5] COPY --chown=semforge:semforge scripts/ops/preflig  0.1s
[0m => [dependencies 2/2] RUN npm ci                                         12.1s
[?25h[1A[1A[1A[1A[1A[1A[1A[1A[1A[0G[?25l[+] Building 15.0s (13/18)                                      docker:rootless
[34m => => transferring context: 3.01MB                                        0.1s
[0m[34m => CACHED [runtime-base 2/5] RUN apt-get update     && apt-get install -  0.0s
[0m[34m => CACHED [runtime-base 3/5] WORKDIR /app                                 0.0s
[0m[34m => CACHED [base 2/2] WORKDIR /app                                         0.0s
[0m[34m => [runtime-base 4/5] COPY --chmod=0555 scripts/ops/docker-entrypoint.sh  0.0s
[0m[34m => [dependencies 1/2] COPY package.json package-lock.json ./              0.0s
[0m[34m => [runtime-base 5/5] COPY --chown=semforge:semforge scripts/ops/preflig  0.1s
[0m => [dependencies 2/2] RUN npm ci                                         12.3s
[?25h[1A[1A[1A[1A[1A[1A[1A[1A[1A[0G[?25l[+] Building 15.2s (13/18)                                      docker:rootless
[34m => => transferring context: 3.01MB                                        0.1s
[0m[34m => CACHED [runtime-base 2/5] RUN apt-get update     && apt-get install -  0.0s
[0m[34m => CACHED [runtime-base 3/5] WORKDIR /app                                 0.0s
[0m[34m => CACHED [base 2/2] WORKDIR /app                                         0.0s
[0m[34m => [runtime-base 4/5] COPY --chmod=0555 scripts/ops/docker-entrypoint.sh  0.0s
[0m[34m => [dependencies 1/2] COPY package.json package-lock.json ./              0.0s
[0m[34m => [runtime-base 5/5] COPY --chown=semforge:semforge scripts/ops/preflig  0.1s
[0m => [dependencies 2/2] RUN npm ci                                         12.4s
[?25h[1A[1A[1A[1A[1A[1A[1A[1A[1A[0G[?25l[+] Building 15.3s (13/18)                                      docker:rootless
[34m => => transferring context: 3.01MB                                        0.1s
[0m[34m => CACHED [runtime-base 2/5] RUN apt-get update     && apt-get install -  0.0s
[0m[34m => CACHED [runtime-base 3/5] WORKDIR /app                                 0.0s
[0m[34m => CACHED [base 2/2] WORKDIR /app                                         0.0s
[0m[34m => [runtime-base 4/5] COPY --chmod=0555 scripts/ops/docker-entrypoint.sh  0.0s
[0m[34m => [dependencies 1/2] COPY package.json package-lock.json ./              0.0s
[0m[34m => [runtime-base 5/5] COPY --chown=semforge:semforge scripts/ops/preflig  0.1s
[0m => [dependencies 2/2] RUN npm ci                                         12.6s
[?25h[1A[1A[1A[1A[1A[1A[1A[1A[1A[0G[?25l[+] Building 15.5s (13/18)                                      docker:rootless
[34m => => transferring context: 3.01MB                                        0.1s
[0m[34m => CACHED [runtime-base 2/5] RUN apt-get update     && apt-get install -  0.0s
[0m[34m => CACHED [runtime-base 3/5] WORKDIR /app                                 0.0s
[0m[34m => CACHED [base 2/2] WORKDIR /app                                         0.0s
[0m[34m => [runtime-base 4/5] COPY --chmod=0555 scripts/ops/docker-entrypoint.sh  0.0s
[0m[34m => [dependencies 1/2] COPY package.json package-lock.json ./              0.0s
[0m[34m => [runtime-base 5/5] COPY --chown=semforge:semforge scripts/ops/preflig  0.1s
[0m => [dependencies 2/2] RUN npm ci                                         12.7s
[?25h[1A[1A[1A[1A[1A[1A[1A[1A[1A[0G[?25l[+] Building 15.6s (13/18)                                      docker:rootless
[34m => => transferring context: 3.01MB                                        0.1s
[0m[34m => CACHED [runtime-base 2/5] RUN apt-get update     && apt-get install -  0.0s
[0m[34m => CACHED [runtime-base 3/5] WORKDIR /app                                 0.0s
[0m[34m => CACHED [base 2/2] WORKDIR /app                                         0.0s
[0m[34m => [runtime-base 4/5] COPY --chmod=0555 scripts/ops/docker-entrypoint.sh  0.0s
[0m[34m => [dependencies 1/2] COPY package.json package-lock.json ./              0.0s
[0m[34m => [runtime-base 5/5] COPY --chown=semforge:semforge scripts/ops/preflig  0.1s
[0m => [dependencies 2/2] RUN npm ci                                         12.9s
[?25h[1A[1A[1A[1A[1A[1A[1A[1A[1A[0G[?25l[+] Building 15.8s (13/18)                                      docker:rootless
[34m => => transferring context: 3.01MB                                        0.1s
[0m[34m => CACHED [runtime-base 2/5] RUN apt-get update     && apt-get install -  0.0s
[0m[34m => CACHED [runtime-base 3/5] WORKDIR /app                                 0.0s
[0m[34m => CACHED [base 2/2] WORKDIR /app                                         0.0s
[0m[34m => [runtime-base 4/5] COPY --chmod=0555 scripts/ops/docker-entrypoint.sh  0.0s
[0m[34m => [dependencies 1/2] COPY package.json package-lock.json ./              0.0s
[0m[34m => [runtime-base 5/5] COPY --chown=semforge:semforge scripts/ops/preflig  0.1s
[0m => [dependencies 2/2] RUN npm ci                                         13.0s
[?25h[1A[1A[1A[1A[1A[1A[1A[1A[1A[0G[?25l[+] Building 15.9s (13/18)                                      docker:rootless
[34m => => transferring context: 3.01MB                                        0.1s
[0m[34m => CACHED [runtime-base 2/5] RUN apt-get update     && apt-get install -  0.0s
[0m[34m => CACHED [runtime-base 3/5] WORKDIR /app                                 0.0s
[0m[34m => CACHED [base 2/2] WORKDIR /app                                         0.0s
[0m[34m => [runtime-base 4/5] COPY --chmod=0555 scripts/ops/docker-entrypoint.sh  0.0s
[0m[34m => [dependencies 1/2] COPY package.json package-lock.json ./              0.0s
[0m[34m => [runtime-base 5/5] COPY --chown=semforge:semforge scripts/ops/preflig  0.1s
[0m => [dependencies 2/2] RUN npm ci                                         13.2s
[?25h[1A[1A[1A[1A[1A[1A[1A[1A[1A[0G[?25l[+] Building 16.1s (13/18)                                      docker:rootless
[34m => => transferring context: 3.01MB                                        0.1s
[0m[34m => CACHED [runtime-base 2/5] RUN apt-get update     && apt-get install -  0.0s
[0m[34m => CACHED [runtime-base 3/5] WORKDIR /app                                 0.0s
[0m[34m => CACHED [base 2/2] WORKDIR /app                                         0.0s
[0m[34m => [runtime-base 4/5] COPY --chmod=0555 scripts/ops/docker-entrypoint.sh  0.0s
[0m[34m => [dependencies 1/2] COPY package.json package-lock.json ./              0.0s
[0m[34m => [runtime-base 5/5] COPY --chown=semforge:semforge scripts/ops/preflig  0.1s
[0m => [dependencies 2/2] RUN npm ci                                         13.3s
[?25h[1A[1A[1A[1A[1A[1A[1A[1A[1A[0G[?25l[+] Building 16.2s (13/18)                                      docker:rootless
[34m => => transferring context: 3.01MB                                        0.1s
[0m[34m => CACHED [runtime-base 2/5] RUN apt-get update     && apt-get install -  0.0s
[0m[34m => CACHED [runtime-base 3/5] WORKDIR /app                                 0.0s
[0m[34m => CACHED [base 2/2] WORKDIR /app                                         0.0s
[0m[34m => [runtime-base 4/5] COPY --chmod=0555 scripts/ops/docker-entrypoint.sh  0.0s
[0m[34m => [dependencies 1/2] COPY package.json package-lock.json ./              0.0s
[0m[34m => [runtime-base 5/5] COPY --chown=semforge:semforge scripts/ops/preflig  0.1s
[0m => [dependencies 2/2] RUN npm ci                                         13.5s
[?25h[1A[1A[1A[1A[1A[1A[1A[1A[1A[0G[?25l[+] Building 16.4s (13/18)                                      docker:rootless
[34m => => transferring context: 3.01MB                                        0.1s
[0m[34m => CACHED [runtime-base 2/5] RUN apt-get update     && apt-get install -  0.0s
[0m[34m => CACHED [runtime-base 3/5] WORKDIR /app                                 0.0s
[0m[34m => CACHED [base 2/2] WORKDIR /app                                         0.0s
[0m[34m => [runtime-base 4/5] COPY --chmod=0555 scripts/ops/docker-entrypoint.sh  0.0s
[0m[34m => [dependencies 1/2] COPY package.json package-lock.json ./              0.0s
[0m[34m => [runtime-base 5/5] COPY --chown=semforge:semforge scripts/ops/preflig  0.1s
[0m => [dependencies 2/2] RUN npm ci                                         13.6s
[?25h[1A[1A[1A[1A[1A[1A[1A[1A[1A[0G[?25l[+] Building 16.5s (13/18)                                      docker:rootless
[34m => => transferring context: 3.01MB                                        0.1s
[0m[34m => CACHED [runtime-base 2/5] RUN apt-get update     && apt-get install -  0.0s
[0m[34m => CACHED [runtime-base 3/5] WORKDIR /app                                 0.0s
[0m[34m => CACHED [base 2/2] WORKDIR /app                                         0.0s
[0m[34m => [runtime-base 4/5] COPY --chmod=0555 scripts/ops/docker-entrypoint.sh  0.0s
[0m[34m => [dependencies 1/2] COPY package.json package-lock.json ./              0.0s
[0m[34m => [runtime-base 5/5] COPY --chown=semforge:semforge scripts/ops/preflig  0.1s
[0m => [dependencies 2/2] RUN npm ci                                         13.8s
[?25h[1A[1A[1A[1A[1A[1A[1A[1A[1A[0G[?25l[+] Building 16.7s (13/18)                                      docker:rootless
[34m => => transferring context: 3.01MB                                        0.1s
[0m[34m => CACHED [runtime-base 2/5] RUN apt-get update     && apt-get install -  0.0s
[0m[34m => CACHED [runtime-base 3/5] WORKDIR /app                                 0.0s
[0m[34m => CACHED [base 2/2] WORKDIR /app                                         0.0s
[0m[34m => [runtime-base 4/5] COPY --chmod=0555 scripts/ops/docker-entrypoint.sh  0.0s
[0m[34m => [dependencies 1/2] COPY package.json package-lock.json ./              0.0s
[0m[34m => [runtime-base 5/5] COPY --chown=semforge:semforge scripts/ops/preflig  0.1s
[0m => [dependencies 2/2] RUN npm ci                                         13.9s
[?25h[1A[1A[1A[1A[1A[1A[1A[1A[1A[0G[?25l[+] Building 16.8s (13/18)                                      docker:rootless
[34m => => transferring context: 3.01MB                                        0.1s
[0m[34m => CACHED [runtime-base 2/5] RUN apt-get update     && apt-get install -  0.0s
[0m[34m => CACHED [runtime-base 3/5] WORKDIR /app                                 0.0s
[0m[34m => CACHED [base 2/2] WORKDIR /app                                         0.0s
[0m[34m => [runtime-base 4/5] COPY --chmod=0555 scripts/ops/docker-entrypoint.sh  0.0s
[0m[34m => [dependencies 1/2] COPY package.json package-lock.json ./              0.0s
[0m[34m => [runtime-base 5/5] COPY --chown=semforge:semforge scripts/ops/preflig  0.1s
[0m => [dependencies 2/2] RUN npm ci                                         14.1s
[?25h[1A[1A[1A[1A[1A[1A[1A[1A[1A[0G[?25l[+] Building 17.0s (13/18)                                      docker:rootless
[34m => => transferring context: 3.01MB                                        0.1s
[0m[34m => CACHED [runtime-base 2/5] RUN apt-get update     && apt-get install -  0.0s
[0m[34m => CACHED [runtime-base 3/5] WORKDIR /app                                 0.0s
[0m[34m => CACHED [base 2/2] WORKDIR /app                                         0.0s
[0m[34m => [runtime-base 4/5] COPY --chmod=0555 scripts/ops/docker-entrypoint.sh  0.0s
[0m[34m => [dependencies 1/2] COPY package.json package-lock.json ./              0.0s
[0m[34m => [runtime-base 5/5] COPY --chown=semforge:semforge scripts/ops/preflig  0.1s
[0m => [dependencies 2/2] RUN npm ci                                         14.2s
[?25h[1A[1A[1A[1A[1A[1A[1A[1A[1A[0G[?25l[+] Building 17.1s (13/18)                                      docker:rootless
[34m => => transferring context: 3.01MB                                        0.1s
[0m[34m => CACHED [runtime-base 2/5] RUN apt-get update     && apt-get install -  0.0s
[0m[34m => CACHED [runtime-base 3/5] WORKDIR /app                                 0.0s
[0m[34m => CACHED [base 2/2] WORKDIR /app                                         0.0s
[0m[34m => [runtime-base 4/5] COPY --chmod=0555 scripts/ops/docker-entrypoint.sh  0.0s
[0m[34m => [dependencies 1/2] COPY package.json package-lock.json ./              0.0s
[0m[34m => [runtime-base 5/5] COPY --chown=semforge:semforge scripts/ops/preflig  0.1s
[0m => [dependencies 2/2] RUN npm ci                                         14.4s
[?25h[1A[1A[1A[1A[1A[1A[1A[1A[1A[0G[?25l[+] Building 17.3s (13/18)                                      docker:rootless
[34m => => transferring context: 3.01MB                                        0.1s
[0m[34m => CACHED [runtime-base 2/5] RUN apt-get update     && apt-get install -  0.0s
[0m[34m => CACHED [runtime-base 3/5] WORKDIR /app                                 0.0s
[0m[34m => CACHED [base 2/2] WORKDIR /app                                         0.0s
[0m[34m => [runtime-base 4/5] COPY --chmod=0555 scripts/ops/docker-entrypoint.sh  0.0s
[0m[34m => [dependencies 1/2] COPY package.json package-lock.json ./              0.0s
[0m[34m => [runtime-base 5/5] COPY --chown=semforge:semforge scripts/ops/preflig  0.1s
[0m => [dependencies 2/2] RUN npm ci                                         14.5s
[?25h[1A[1A[1A[1A[1A[1A[1A[1A[1A[0G[?25l[+] Building 17.4s (13/18)                                      docker:rootless
[34m => => transferring context: 3.01MB                                        0.1s
[0m[34m => CACHED [runtime-base 2/5] RUN apt-get update     && apt-get install -  0.0s
[0m[34m => CACHED [runtime-base 3/5] WORKDIR /app                                 0.0s
[0m[34m => CACHED [base 2/2] WORKDIR /app                                         0.0s
[0m[34m => [runtime-base 4/5] COPY --chmod=0555 scripts/ops/docker-entrypoint.sh  0.0s
[0m[34m => [dependencies 1/2] COPY package.json package-lock.json ./              0.0s
[0m[34m => [runtime-base 5/5] COPY --chown=semforge:semforge scripts/ops/preflig  0.1s
[0m => [dependencies 2/2] RUN npm ci                                         14.7s
[?25h[1A[1A[1A[1A[1A[1A[1A[1A[1A[0G[?25l[+] Building 17.6s (13/18)                                      docker:rootless
[34m => => transferring context: 3.01MB                                        0.1s
[0m[34m => CACHED [runtime-base 2/5] RUN apt-get update     && apt-get install -  0.0s
[0m[34m => CACHED [runtime-base 3/5] WORKDIR /app                                 0.0s
[0m[34m => CACHED [base 2/2] WORKDIR /app                                         0.0s
[0m[34m => [runtime-base 4/5] COPY --chmod=0555 scripts/ops/docker-entrypoint.sh  0.0s
[0m[34m => [dependencies 1/2] COPY package.json package-lock.json ./              0.0s
[0m[34m => [runtime-base 5/5] COPY --chown=semforge:semforge scripts/ops/preflig  0.1s
[0m => [dependencies 2/2] RUN npm ci                                         14.8s
[?25h[1A[1A[1A[1A[1A[1A[1A[1A[1A[0G[?25l[+] Building 17.7s (13/18)                                      docker:rootless
[34m => => transferring context: 3.01MB                                        0.1s
[0m[34m => CACHED [runtime-base 2/5] RUN apt-get update     && apt-get install -  0.0s
[0m[34m => CACHED [runtime-base 3/5] WORKDIR /app                                 0.0s
[0m[34m => CACHED [base 2/2] WORKDIR /app                                         0.0s
[0m[34m => [runtime-base 4/5] COPY --chmod=0555 scripts/ops/docker-entrypoint.sh  0.0s
[0m[34m => [dependencies 1/2] COPY package.json package-lock.json ./              0.0s
[0m[34m => [runtime-base 5/5] COPY --chown=semforge:semforge scripts/ops/preflig  0.1s
[0m => [dependencies 2/2] RUN npm ci                                         15.0s
[?25h[1A[1A[1A[1A[1A[1A[1A[1A[1A[0G[?25l[+] Building 17.9s (13/18)                                      docker:rootless
[34m => => transferring context: 3.01MB                                        0.1s
[0m[34m => CACHED [runtime-base 2/5] RUN apt-get update     && apt-get install -  0.0s
[0m[34m => CACHED [runtime-base 3/5] WORKDIR /app                                 0.0s
[0m[34m => CACHED [base 2/2] WORKDIR /app                                         0.0s
[0m[34m => [runtime-base 4/5] COPY --chmod=0555 scripts/ops/docker-entrypoint.sh  0.0s
[0m[34m => [dependencies 1/2] COPY package.json package-lock.json ./              0.0s
[0m[34m => [runtime-base 5/5] COPY --chown=semforge:semforge scripts/ops/preflig  0.1s
[0m => [dependencies 2/2] RUN npm ci                                         15.1s
[?25h[1A[1A[1A[1A[1A[1A[1A[1A[1A[0G[?25l[+] Building 18.0s (13/18)                                      docker:rootless
[34m => => transferring context: 3.01MB                                        0.1s
[0m[34m => CACHED [runtime-base 2/5] RUN apt-get update     && apt-get install -  0.0s
[0m[34m => CACHED [runtime-base 3/5] WORKDIR /app                                 0.0s
[0m[34m => CACHED [base 2/2] WORKDIR /app                                         0.0s
[0m[34m => [runtime-base 4/5] COPY --chmod=0555 scripts/ops/docker-entrypoint.sh  0.0s
[0m[34m => [dependencies 1/2] COPY package.json package-lock.json ./              0.0s
[0m[34m => [runtime-base 5/5] COPY --chown=semforge:semforge scripts/ops/preflig  0.1s
[0m => [dependencies 2/2] RUN npm ci                                         15.3s
[?25h[1A[1A[1A[1A[1A[1A[1A[1A[1A[0G[?25l[+] Building 18.2s (13/18)                                      docker:rootless
[34m => => transferring context: 3.01MB                                        0.1s
[0m[34m => CACHED [runtime-base 2/5] RUN apt-get update     && apt-get install -  0.0s
[0m[34m => CACHED [runtime-base 3/5] WORKDIR /app                                 0.0s
[0m[34m => CACHED [base 2/2] WORKDIR /app                                         0.0s
[0m[34m => [runtime-base 4/5] COPY --chmod=0555 scripts/ops/docker-entrypoint.sh  0.0s
[0m[34m => [dependencies 1/2] COPY package.json package-lock.json ./              0.0s
[0m[34m => [runtime-base 5/5] COPY --chown=semforge:semforge scripts/ops/preflig  0.1s
[0m => [dependencies 2/2] RUN npm ci                                         15.4s
[?25h[1A[1A[1A[1A[1A[1A[1A[1A[1A[0G[?25l[+] Building 18.3s (13/18)                                      docker:rootless
[34m => => transferring context: 3.01MB                                        0.1s
[0m[34m => CACHED [runtime-base 2/5] RUN apt-get update     && apt-get install -  0.0s
[0m[34m => CACHED [runtime-base 3/5] WORKDIR /app                                 0.0s
[0m[34m => CACHED [base 2/2] WORKDIR /app                                         0.0s
[0m[34m => [runtime-base 4/5] COPY --chmod=0555 scripts/ops/docker-entrypoint.sh  0.0s
[0m[34m => [dependencies 1/2] COPY package.json package-lock.json ./              0.0s
[0m[34m => [runtime-base 5/5] COPY --chown=semforge:semforge scripts/ops/preflig  0.1s
[0m => [dependencies 2/2] RUN npm ci                                         15.6s
[?25h[1A[1A[1A[1A[1A[1A[1A[1A[1A[0G[?25l[+] Building 18.4s (13/18)                                      docker:rootless
[34m => => transferring context: 3.01MB                                        0.1s
[0m[34m => CACHED [runtime-base 2/5] RUN apt-get update     && apt-get install -  0.0s
[0m[34m => CACHED [runtime-base 3/5] WORKDIR /app                                 0.0s
[0m[34m => CACHED [base 2/2] WORKDIR /app                                         0.0s
[0m[34m => [runtime-base 4/5] COPY --chmod=0555 scripts/ops/docker-entrypoint.sh  0.0s
[0m[34m => [dependencies 1/2] COPY package.json package-lock.json ./              0.0s
[0m[34m => [runtime-base 5/5] COPY --chown=semforge:semforge scripts/ops/preflig  0.1s
[0m => [dependencies 2/2] RUN npm ci                                         15.7s
[?25h[1A[1A[1A[1A[1A[1A[1A[1A[1A[0G[?25l[+] Building 18.6s (13/18)                                      docker:rootless
[34m => => transferring context: 3.01MB                                        0.1s
[0m[34m => CACHED [runtime-base 2/5] RUN apt-get update     && apt-get install -  0.0s
[0m[34m => CACHED [runtime-base 3/5] WORKDIR /app                                 0.0s
[0m[34m => CACHED [base 2/2] WORKDIR /app                                         0.0s
[0m[34m => [runtime-base 4/5] COPY --chmod=0555 scripts/ops/docker-entrypoint.sh  0.0s
[0m[34m => [dependencies 1/2] COPY package.json package-lock.json ./              0.0s
[0m[34m => [runtime-base 5/5] COPY --chown=semforge:semforge scripts/ops/preflig  0.1s
[0m => [dependencies 2/2] RUN npm ci                                         15.8s
[?25h[1A[1A[1A[1A[1A[1A[1A[1A[1A[0G[?25l[+] Building 18.7s (13/18)                                      docker:rootless
[34m => => transferring context: 3.01MB                                        0.1s
[0m[34m => CACHED [runtime-base 2/5] RUN apt-get update     && apt-get install -  0.0s
[0m[34m => CACHED [runtime-base 3/5] WORKDIR /app                                 0.0s
[0m[34m => CACHED [base 2/2] WORKDIR /app                                         0.0s
[0m[34m => [runtime-base 4/5] COPY --chmod=0555 scripts/ops/docker-entrypoint.sh  0.0s
[0m[34m => [dependencies 1/2] COPY package.json package-lock.json ./              0.0s
[0m[34m => [runtime-base 5/5] COPY --chown=semforge:semforge scripts/ops/preflig  0.1s
[0m => [dependencies 2/2] RUN npm ci                                         16.0s
[?25h[1A[1A[1A[1A[1A[1A[1A[1A[1A[0G[?25l[+] Building 18.8s (14/18)                                      docker:rootless
[34m => => transferring context: 3.01MB                                        0.1s
[0m[34m => CACHED [runtime-base 2/5] RUN apt-get update     && apt-get install -  0.0s
[0m[34m => CACHED [runtime-base 3/5] WORKDIR /app                                 0.0s
[0m[34m => CACHED [base 2/2] WORKDIR /app                                         0.0s
[0m[34m => [runtime-base 4/5] COPY --chmod=0555 scripts/ops/docker-entrypoint.sh  0.0s
[0m[34m => [dependencies 1/2] COPY package.json package-lock.json ./              0.0s
[0m[34m => [runtime-base 5/5] COPY --chown=semforge:semforge scripts/ops/preflig  0.1s
[0m[34m => [dependencies 2/2] RUN npm ci                                         16.1s
[0m[?25h[1A[1A[1A[1A[1A[1A[1A[1A[1A[0G[?25l[+] Building 19.0s (14/18)                                      docker:rootless
[34m => CACHED [runtime-base 2/5] RUN apt-get update     && apt-get install -  0.0s
[0m[34m => CACHED [runtime-base 3/5] WORKDIR /app                                 0.0s
[0m[34m => CACHED [base 2/2] WORKDIR /app                                         0.0s
[0m[34m => [runtime-base 4/5] COPY --chmod=0555 scripts/ops/docker-entrypoint.sh  0.0s
[0m[34m => [dependencies 1/2] COPY package.json package-lock.json ./              0.0s
[0m[34m => [runtime-base 5/5] COPY --chown=semforge:semforge scripts/ops/preflig  0.1s
[0m[34m => [dependencies 2/2] RUN npm ci                                         16.1s
[0m => [builder 1/2] COPY . .                                                 0.2s
[?25h[1A[1A[1A[1A[1A[1A[1A[1A[1A[0G[?25l[+] Building 19.1s (14/18)                                      docker:rootless
[34m => CACHED [runtime-base 2/5] RUN apt-get update     && apt-get install -  0.0s
[0m[34m => CACHED [runtime-base 3/5] WORKDIR /app                                 0.0s
[0m[34m => CACHED [base 2/2] WORKDIR /app                                         0.0s
[0m[34m => [runtime-base 4/5] COPY --chmod=0555 scripts/ops/docker-entrypoint.sh  0.0s
[0m[34m => [dependencies 1/2] COPY package.json package-lock.json ./              0.0s
[0m[34m => [runtime-base 5/5] COPY --chown=semforge:semforge scripts/ops/preflig  0.1s
[0m[34m => [dependencies 2/2] RUN npm ci                                         16.1s
[0m => [builder 1/2] COPY . .                                                 0.3s
[?25h[1A[1A[1A[1A[1A[1A[1A[1A[1A[0G[?25l[+] Building 19.2s (15/18)                                      docker:rootless
[34m => CACHED [runtime-base 2/5] RUN apt-get update     && apt-get install -  0.0s
[0m[34m => CACHED [runtime-base 3/5] WORKDIR /app                                 0.0s
[0m[34m => CACHED [base 2/2] WORKDIR /app                                         0.0s
[0m[34m => [runtime-base 4/5] COPY --chmod=0555 scripts/ops/docker-entrypoint.sh  0.0s
[0m[34m => [dependencies 1/2] COPY package.json package-lock.json ./              0.0s
[0m[34m => [runtime-base 5/5] COPY --chown=semforge:semforge scripts/ops/preflig  0.1s
[0m[34m => [dependencies 2/2] RUN npm ci                                         16.1s
[0m[34m => [builder 1/2] COPY . .                                                 0.3s
[0m[?25h[1A[1A[1A[1A[1A[1A[1A[1A[1A[0G[?25l[+] Building 19.3s (15/18)                                      docker:rootless
[34m => CACHED [runtime-base 3/5] WORKDIR /app                                 0.0s
[0m[34m => CACHED [base 2/2] WORKDIR /app                                         0.0s
[0m[34m => [runtime-base 4/5] COPY --chmod=0555 scripts/ops/docker-entrypoint.sh  0.0s
[0m[34m => [dependencies 1/2] COPY package.json package-lock.json ./              0.0s
[0m[34m => [runtime-base 5/5] COPY --chown=semforge:semforge scripts/ops/preflig  0.1s
[0m[34m => [dependencies 2/2] RUN npm ci                                         16.1s
[0m[34m => [builder 1/2] COPY . .                                                 0.3s
[0m => [builder 2/2] RUN npm run build                                        0.2s
[?25h[1A[1A[1A[1A[1A[1A[1A[1A[1A[0G[?25l[+] Building 19.4s (15/18)                                      docker:rootless
[34m => CACHED [runtime-base 3/5] WORKDIR /app                                 0.0s
[0m[34m => CACHED [base 2/2] WORKDIR /app                                         0.0s
[0m[34m => [runtime-base 4/5] COPY --chmod=0555 scripts/ops/docker-entrypoint.sh  0.0s
[0m[34m => [dependencies 1/2] COPY package.json package-lock.json ./              0.0s
[0m[34m => [runtime-base 5/5] COPY --chown=semforge:semforge scripts/ops/preflig  0.1s
[0m[34m => [dependencies 2/2] RUN npm ci                                         16.1s
[0m[34m => [builder 1/2] COPY . .                                                 0.3s
[0m => [builder 2/2] RUN npm run build                                        0.3s
[?25h[1A[1A[1A[1A[1A[1A[1A[1A[1A[0G[?25l[+] Building 19.6s (15/18)                                      docker:rootless
[34m => CACHED [runtime-base 3/5] WORKDIR /app                                 0.0s
[0m[34m => CACHED [base 2/2] WORKDIR /app                                         0.0s
[0m[34m => [runtime-base 4/5] COPY --chmod=0555 scripts/ops/docker-entrypoint.sh  0.0s
[0m[34m => [dependencies 1/2] COPY package.json package-lock.json ./              0.0s
[0m[34m => [runtime-base 5/5] COPY --chown=semforge:semforge scripts/ops/preflig  0.1s
[0m[34m => [dependencies 2/2] RUN npm ci                                         16.1s
[0m[34m => [builder 1/2] COPY . .                                                 0.3s
[0m => [builder 2/2] RUN npm run build                                        0.4s
[?25h[1A[1A[1A[1A[1A[1A[1A[1A[1A[0G[?25l[+] Building 19.7s (15/18)                                      docker:rootless
[34m => CACHED [runtime-base 3/5] WORKDIR /app                                 0.0s
[0m[34m => CACHED [base 2/2] WORKDIR /app                                         0.0s
[0m[34m => [runtime-base 4/5] COPY --chmod=0555 scripts/ops/docker-entrypoint.sh  0.0s
[0m[34m => [dependencies 1/2] COPY package.json package-lock.json ./              0.0s
[0m[34m => [runtime-base 5/5] COPY --chown=semforge:semforge scripts/ops/preflig  0.1s
[0m[34m => [dependencies 2/2] RUN npm ci                                         16.1s
[0m[34m => [builder 1/2] COPY . .                                                 0.3s
[0m => [builder 2/2] RUN npm run build                                        0.6s
[?25h[1A[1A[1A[1A[1A[1A[1A[1A[1A[0G[?25l[+] Building 19.8s (15/18)                                      docker:rootless
[34m => CACHED [runtime-base 3/5] WORKDIR /app                                 0.0s
[0m[34m => CACHED [base 2/2] WORKDIR /app                                         0.0s
[0m[34m => [runtime-base 4/5] COPY --chmod=0555 scripts/ops/docker-entrypoint.sh  0.0s
[0m[34m => [dependencies 1/2] COPY package.json package-lock.json ./              0.0s
[0m[34m => [runtime-base 5/5] COPY --chown=semforge:semforge scripts/ops/preflig  0.1s
[0m[34m => [dependencies 2/2] RUN npm ci                                         16.1s
[0m[34m => [builder 1/2] COPY . .                                                 0.3s
[0m => [builder 2/2] RUN npm run build                                        0.6s
[?25h[1A[1A[1A[1A[1A[1A[1A[1A[1A[0G[?25l[+] Building 19.9s (15/18)                                      docker:rootless
[34m => CACHED [runtime-base 3/5] WORKDIR /app                                 0.0s
[0m[34m => CACHED [base 2/2] WORKDIR /app                                         0.0s
[0m[34m => [runtime-base 4/5] COPY --chmod=0555 scripts/ops/docker-entrypoint.sh  0.0s
[0m[34m => [dependencies 1/2] COPY package.json package-lock.json ./              0.0s
[0m[34m => [runtime-base 5/5] COPY --chown=semforge:semforge scripts/ops/preflig  0.1s
[0m[34m => [dependencies 2/2] RUN npm ci                                         16.1s
[0m[34m => [builder 1/2] COPY . .                                                 0.3s
[0m => [builder 2/2] RUN npm run build                                        0.7s
[?25h[1A[1A[1A[1A[1A[1A[1A[1A[1A[0G[?25l[+] Building 20.1s (15/18)                                      docker:rootless
[34m => CACHED [runtime-base 3/5] WORKDIR /app                                 0.0s
[0m[34m => CACHED [base 2/2] WORKDIR /app                                         0.0s
[0m[34m => [runtime-base 4/5] COPY --chmod=0555 scripts/ops/docker-entrypoint.sh  0.0s
[0m[34m => [dependencies 1/2] COPY package.json package-lock.json ./              0.0s
[0m[34m => [runtime-base 5/5] COPY --chown=semforge:semforge scripts/ops/preflig  0.1s
[0m[34m => [dependencies 2/2] RUN npm ci                                         16.1s
[0m[34m => [builder 1/2] COPY . .                                                 0.3s
[0m => [builder 2/2] RUN npm run build                                        0.9s
[?25h[1A[1A[1A[1A[1A[1A[1A[1A[1A[0G[?25l[+] Building 20.2s (15/18)                                      docker:rootless
[34m => CACHED [runtime-base 3/5] WORKDIR /app                                 0.0s
[0m[34m => CACHED [base 2/2] WORKDIR /app                                         0.0s
[0m[34m => [runtime-base 4/5] COPY --chmod=0555 scripts/ops/docker-entrypoint.sh  0.0s
[0m[34m => [dependencies 1/2] COPY package.json package-lock.json ./              0.0s
[0m[34m => [runtime-base 5/5] COPY --chown=semforge:semforge scripts/ops/preflig  0.1s
[0m[34m => [dependencies 2/2] RUN npm ci                                         16.1s
[0m[34m => [builder 1/2] COPY . .                                                 0.3s
[0m => [builder 2/2] RUN npm run build                                        1.0s
[?25h[1A[1A[1A[1A[1A[1A[1A[1A[1A[0G[?25l[+] Building 20.4s (15/18)                                      docker:rootless
[34m => CACHED [runtime-base 3/5] WORKDIR /app                                 0.0s
[0m[34m => CACHED [base 2/2] WORKDIR /app                                         0.0s
[0m[34m => [runtime-base 4/5] COPY --chmod=0555 scripts/ops/docker-entrypoint.sh  0.0s
[0m[34m => [dependencies 1/2] COPY package.json package-lock.json ./              0.0s
[0m[34m => [runtime-base 5/5] COPY --chown=semforge:semforge scripts/ops/preflig  0.1s
[0m[34m => [dependencies 2/2] RUN npm ci                                         16.1s
[0m[34m => [builder 1/2] COPY . .                                                 0.3s
[0m => [builder 2/2] RUN npm run build                                        1.2s
[?25h[1A[1A[1A[1A[1A[1A[1A[1A[1A[0G[?25l[+] Building 20.5s (15/18)                                      docker:rootless
[34m => CACHED [runtime-base 3/5] WORKDIR /app                                 0.0s
[0m[34m => CACHED [base 2/2] WORKDIR /app                                         0.0s
[0m[34m => [runtime-base 4/5] COPY --chmod=0555 scripts/ops/docker-entrypoint.sh  0.0s
[0m[34m => [dependencies 1/2] COPY package.json package-lock.json ./              0.0s
[0m[34m => [runtime-base 5/5] COPY --chown=semforge:semforge scripts/ops/preflig  0.1s
[0m[34m => [dependencies 2/2] RUN npm ci                                         16.1s
[0m[34m => [builder 1/2] COPY . .                                                 0.3s
[0m => [builder 2/2] RUN npm run build                                        1.3s
[?25h[1A[1A[1A[1A[1A[1A[1A[1A[1A[0G[?25l[+] Building 20.7s (15/18)                                      docker:rootless
[34m => CACHED [runtime-base 3/5] WORKDIR /app                                 0.0s
[0m[34m => CACHED [base 2/2] WORKDIR /app                                         0.0s
[0m[34m => [runtime-base 4/5] COPY --chmod=0555 scripts/ops/docker-entrypoint.sh  0.0s
[0m[34m => [dependencies 1/2] COPY package.json package-lock.json ./              0.0s
[0m[34m => [runtime-base 5/5] COPY --chown=semforge:semforge scripts/ops/preflig  0.1s
[0m[34m => [dependencies 2/2] RUN npm ci                                         16.1s
[0m[34m => [builder 1/2] COPY . .                                                 0.3s
[0m => [builder 2/2] RUN npm run build                                        1.5s
[?25h[1A[1A[1A[1A[1A[1A[1A[1A[1A[0G[?25l[+] Building 20.8s (15/18)                                      docker:rootless
[34m => CACHED [runtime-base 3/5] WORKDIR /app                                 0.0s
[0m[34m => CACHED [base 2/2] WORKDIR /app                                         0.0s
[0m[34m => [runtime-base 4/5] COPY --chmod=0555 scripts/ops/docker-entrypoint.sh  0.0s
[0m[34m => [dependencies 1/2] COPY package.json package-lock.json ./              0.0s
[0m[34m => [runtime-base 5/5] COPY --chown=semforge:semforge scripts/ops/preflig  0.1s
[0m[34m => [dependencies 2/2] RUN npm ci                                         16.1s
[0m[34m => [builder 1/2] COPY . .                                                 0.3s
[0m => [builder 2/2] RUN npm run build                                        1.6s
[?25h[1A[1A[1A[1A[1A[1A[1A[1A[1A[0G[?25l[+] Building 21.0s (15/18)                                      docker:rootless
[34m => CACHED [runtime-base 3/5] WORKDIR /app                                 0.0s
[0m[34m => CACHED [base 2/2] WORKDIR /app                                         0.0s
[0m[34m => [runtime-base 4/5] COPY --chmod=0555 scripts/ops/docker-entrypoint.sh  0.0s
[0m[34m => [dependencies 1/2] COPY package.json package-lock.json ./              0.0s
[0m[34m => [runtime-base 5/5] COPY --chown=semforge:semforge scripts/ops/preflig  0.1s
[0m[34m => [dependencies 2/2] RUN npm ci                                         16.1s
[0m[34m => [builder 1/2] COPY . .                                                 0.3s
[0m => [builder 2/2] RUN npm run build                                        1.8s
[?25h[1A[1A[1A[1A[1A[1A[1A[1A[1A[0G[?25l[+] Building 21.1s (15/18)                                      docker:rootless
[34m => CACHED [runtime-base 3/5] WORKDIR /app                                 0.0s
[0m[34m => CACHED [base 2/2] WORKDIR /app                                         0.0s
[0m[34m => [runtime-base 4/5] COPY --chmod=0555 scripts/ops/docker-entrypoint.sh  0.0s
[0m[34m => [dependencies 1/2] COPY package.json package-lock.json ./              0.0s
[0m[34m => [runtime-base 5/5] COPY --chown=semforge:semforge scripts/ops/preflig  0.1s
[0m[34m => [dependencies 2/2] RUN npm ci                                         16.1s
[0m[34m => [builder 1/2] COPY . .                                                 0.3s
[0m => [builder 2/2] RUN npm run build                                        1.9s
[?25h[1A[1A[1A[1A[1A[1A[1A[1A[1A[0G[?25l[+] Building 21.3s (15/18)                                      docker:rootless
[34m => CACHED [runtime-base 3/5] WORKDIR /app                                 0.0s
[0m[34m => CACHED [base 2/2] WORKDIR /app                                         0.0s
[0m[34m => [runtime-base 4/5] COPY --chmod=0555 scripts/ops/docker-entrypoint.sh  0.0s
[0m[34m => [dependencies 1/2] COPY package.json package-lock.json ./              0.0s
[0m[34m => [runtime-base 5/5] COPY --chown=semforge:semforge scripts/ops/preflig  0.1s
[0m[34m => [dependencies 2/2] RUN npm ci                                         16.1s
[0m[34m => [builder 1/2] COPY . .                                                 0.3s
[0m => [builder 2/2] RUN npm run build                                        2.1s
[?25h[1A[1A[1A[1A[1A[1A[1A[1A[1A[0G[?25l[+] Building 21.4s (15/18)                                      docker:rootless
[34m => CACHED [runtime-base 3/5] WORKDIR /app                                 0.0s
[0m[34m => CACHED [base 2/2] WORKDIR /app                                         0.0s
[0m[34m => [runtime-base 4/5] COPY --chmod=0555 scripts/ops/docker-entrypoint.sh  0.0s
[0m[34m => [dependencies 1/2] COPY package.json package-lock.json ./              0.0s
[0m[34m => [runtime-base 5/5] COPY --chown=semforge:semforge scripts/ops/preflig  0.1s
[0m[34m => [dependencies 2/2] RUN npm ci                                         16.1s
[0m[34m => [builder 1/2] COPY . .                                                 0.3s
[0m => [builder 2/2] RUN npm run build                                        2.2s
[?25h[1A[1A[1A[1A[1A[1A[1A[1A[1A[0G[?25l[+] Building 21.6s (15/18)                                      docker:rootless
[34m => CACHED [runtime-base 3/5] WORKDIR /app                                 0.0s
[0m[34m => CACHED [base 2/2] WORKDIR /app                                         0.0s
[0m[34m => [runtime-base 4/5] COPY --chmod=0555 scripts/ops/docker-entrypoint.sh  0.0s
[0m[34m => [dependencies 1/2] COPY package.json package-lock.json ./              0.0s
[0m[34m => [runtime-base 5/5] COPY --chown=semforge:semforge scripts/ops/preflig  0.1s
[0m[34m => [dependencies 2/2] RUN npm ci                                         16.1s
[0m[34m => [builder 1/2] COPY . .                                                 0.3s
[0m => [builder 2/2] RUN npm run build                                        2.4s
[?25h[1A[1A[1A[1A[1A[1A[1A[1A[1A[0G[?25l[+] Building 21.7s (15/18)                                      docker:rootless
[34m => CACHED [runtime-base 3/5] WORKDIR /app                                 0.0s
[0m[34m => CACHED [base 2/2] WORKDIR /app                                         0.0s
[0m[34m => [runtime-base 4/5] COPY --chmod=0555 scripts/ops/docker-entrypoint.sh  0.0s
[0m[34m => [dependencies 1/2] COPY package.json package-lock.json ./              0.0s
[0m[34m => [runtime-base 5/5] COPY --chown=semforge:semforge scripts/ops/preflig  0.1s
[0m[34m => [dependencies 2/2] RUN npm ci                                         16.1s
[0m[34m => [builder 1/2] COPY . .                                                 0.3s
[0m => [builder 2/2] RUN npm run build                                        2.5s
[?25h[1A[1A[1A[1A[1A[1A[1A[1A[1A[0G[?25l[+] Building 21.9s (15/18)                                      docker:rootless
[34m => CACHED [runtime-base 3/5] WORKDIR /app                                 0.0s
[0m[34m => CACHED [base 2/2] WORKDIR /app                                         0.0s
[0m[34m => [runtime-base 4/5] COPY --chmod=0555 scripts/ops/docker-entrypoint.sh  0.0s
[0m[34m => [dependencies 1/2] COPY package.json package-lock.json ./              0.0s
[0m[34m => [runtime-base 5/5] COPY --chown=semforge:semforge scripts/ops/preflig  0.1s
[0m[34m => [dependencies 2/2] RUN npm ci                                         16.1s
[0m[34m => [builder 1/2] COPY . .                                                 0.3s
[0m => [builder 2/2] RUN npm run build                                        2.7s
[?25h[1A[1A[1A[1A[1A[1A[1A[1A[1A[0G[?25l[+] Building 22.0s (15/18)                                      docker:rootless
[34m => CACHED [runtime-base 3/5] WORKDIR /app                                 0.0s
[0m[34m => CACHED [base 2/2] WORKDIR /app                                         0.0s
[0m[34m => [runtime-base 4/5] COPY --chmod=0555 scripts/ops/docker-entrypoint.sh  0.0s
[0m[34m => [dependencies 1/2] COPY package.json package-lock.json ./              0.0s
[0m[34m => [runtime-base 5/5] COPY --chown=semforge:semforge scripts/ops/preflig  0.1s
[0m[34m => [dependencies 2/2] RUN npm ci                                         16.1s
[0m[34m => [builder 1/2] COPY . .                                                 0.3s
[0m => [builder 2/2] RUN npm run build                                        2.8s
[?25h[1A[1A[1A[1A[1A[1A[1A[1A[1A[0G[?25l[+] Building 22.2s (15/18)                                      docker:rootless
[34m => CACHED [runtime-base 3/5] WORKDIR /app                                 0.0s
[0m[34m => CACHED [base 2/2] WORKDIR /app                                         0.0s
[0m[34m => [runtime-base 4/5] COPY --chmod=0555 scripts/ops/docker-entrypoint.sh  0.0s
[0m[34m => [dependencies 1/2] COPY package.json package-lock.json ./              0.0s
[0m[34m => [runtime-base 5/5] COPY --chown=semforge:semforge scripts/ops/preflig  0.1s
[0m[34m => [dependencies 2/2] RUN npm ci                                         16.1s
[0m[34m => [builder 1/2] COPY . .                                                 0.3s
[0m => [builder 2/2] RUN npm run build                                        3.0s
[?25h[1A[1A[1A[1A[1A[1A[1A[1A[1A[0G[?25l[+] Building 22.3s (15/18)                                      docker:rootless
[34m => CACHED [runtime-base 3/5] WORKDIR /app                                 0.0s
[0m[34m => CACHED [base 2/2] WORKDIR /app                                         0.0s
[0m[34m => [runtime-base 4/5] COPY --chmod=0555 scripts/ops/docker-entrypoint.sh  0.0s
[0m[34m => [dependencies 1/2] COPY package.json package-lock.json ./              0.0s
[0m[34m => [runtime-base 5/5] COPY --chown=semforge:semforge scripts/ops/preflig  0.1s
[0m[34m => [dependencies 2/2] RUN npm ci                                         16.1s
[0m[34m => [builder 1/2] COPY . .                                                 0.3s
[0m => [builder 2/2] RUN npm run build                                        3.1s
[?25h[1A[1A[1A[1A[1A[1A[1A[1A[1A[0G[?25l[+] Building 22.5s (15/18)                                      docker:rootless
[34m => CACHED [runtime-base 3/5] WORKDIR /app                                 0.0s
[0m[34m => CACHED [base 2/2] WORKDIR /app                                         0.0s
[0m[34m => [runtime-base 4/5] COPY --chmod=0555 scripts/ops/docker-entrypoint.sh  0.0s
[0m[34m => [dependencies 1/2] COPY package.json package-lock.json ./              0.0s
[0m[34m => [runtime-base 5/5] COPY --chown=semforge:semforge scripts/ops/preflig  0.1s
[0m[34m => [dependencies 2/2] RUN npm ci                                         16.1s
[0m[34m => [builder 1/2] COPY . .                                                 0.3s
[0m => [builder 2/2] RUN npm run build                                        3.3s
[?25h[1A[1A[1A[1A[1A[1A[1A[1A[1A[0G[?25l[+] Building 22.6s (15/18)                                      docker:rootless
[34m => CACHED [runtime-base 3/5] WORKDIR /app                                 0.0s
[0m[34m => CACHED [base 2/2] WORKDIR /app                                         0.0s
[0m[34m => [runtime-base 4/5] COPY --chmod=0555 scripts/ops/docker-entrypoint.sh  0.0s
[0m[34m => [dependencies 1/2] COPY package.json package-lock.json ./              0.0s
[0m[34m => [runtime-base 5/5] COPY --chown=semforge:semforge scripts/ops/preflig  0.1s
[0m[34m => [dependencies 2/2] RUN npm ci                                         16.1s
[0m[34m => [builder 1/2] COPY . .                                                 0.3s
[0m => [builder 2/2] RUN npm run build                                        3.4s
[?25h[1A[1A[1A[1A[1A[1A[1A[1A[1A[0G[?25l[+] Building 22.8s (15/18)                                      docker:rootless
[34m => CACHED [runtime-base 3/5] WORKDIR /app                                 0.0s
[0m[34m => CACHED [base 2/2] WORKDIR /app                                         0.0s
[0m[34m => [runtime-base 4/5] COPY --chmod=0555 scripts/ops/docker-entrypoint.sh  0.0s
[0m[34m => [dependencies 1/2] COPY package.json package-lock.json ./              0.0s
[0m[34m => [runtime-base 5/5] COPY --chown=semforge:semforge scripts/ops/preflig  0.1s
[0m[34m => [dependencies 2/2] RUN npm ci                                         16.1s
[0m[34m => [builder 1/2] COPY . .                                                 0.3s
[0m => [builder 2/2] RUN npm run build                                        3.6s
[?25h[1A[1A[1A[1A[1A[1A[1A[1A[1A[0G[?25l[+] Building 22.9s (15/18)                                      docker:rootless
[34m => CACHED [runtime-base 3/5] WORKDIR /app                                 0.0s
[0m[34m => CACHED [base 2/2] WORKDIR /app                                         0.0s
[0m[34m => [runtime-base 4/5] COPY --chmod=0555 scripts/ops/docker-entrypoint.sh  0.0s
[0m[34m => [dependencies 1/2] COPY package.json package-lock.json ./              0.0s
[0m[34m => [runtime-base 5/5] COPY --chown=semforge:semforge scripts/ops/preflig  0.1s
[0m[34m => [dependencies 2/2] RUN npm ci                                         16.1s
[0m[34m => [builder 1/2] COPY . .                                                 0.3s
[0m => [builder 2/2] RUN npm run build                                        3.7s
[?25h[1A[1A[1A[1A[1A[1A[1A[1A[1A[0G[?25l[+] Building 23.1s (15/18)                                      docker:rootless
[34m => CACHED [runtime-base 3/5] WORKDIR /app                                 0.0s
[0m[34m => CACHED [base 2/2] WORKDIR /app                                         0.0s
[0m[34m => [runtime-base 4/5] COPY --chmod=0555 scripts/ops/docker-entrypoint.sh  0.0s
[0m[34m => [dependencies 1/2] COPY package.json package-lock.json ./              0.0s
[0m[34m => [runtime-base 5/5] COPY --chown=semforge:semforge scripts/ops/preflig  0.1s
[0m[34m => [dependencies 2/2] RUN npm ci                                         16.1s
[0m[34m => [builder 1/2] COPY . .                                                 0.3s
[0m => [builder 2/2] RUN npm run build                                        3.9s
[?25h[1A[1A[1A[1A[1A[1A[1A[1A[1A[0G[?25l[+] Building 23.2s (15/18)                                      docker:rootless
[34m => CACHED [runtime-base 3/5] WORKDIR /app                                 0.0s
[0m[34m => CACHED [base 2/2] WORKDIR /app                                         0.0s
[0m[34m => [runtime-base 4/5] COPY --chmod=0555 scripts/ops/docker-entrypoint.sh  0.0s
[0m[34m => [dependencies 1/2] COPY package.json package-lock.json ./              0.0s
[0m[34m => [runtime-base 5/5] COPY --chown=semforge:semforge scripts/ops/preflig  0.1s
[0m[34m => [dependencies 2/2] RUN npm ci                                         16.1s
[0m[34m => [builder 1/2] COPY . .                                                 0.3s
[0m => [builder 2/2] RUN npm run build                                        4.0s
[?25h[1A[1A[1A[1A[1A[1A[1A[1A[1A[0G[?25l[+] Building 23.4s (15/18)                                      docker:rootless
[34m => CACHED [runtime-base 3/5] WORKDIR /app                                 0.0s
[0m[34m => CACHED [base 2/2] WORKDIR /app                                         0.0s
[0m[34m => [runtime-base 4/5] COPY --chmod=0555 scripts/ops/docker-entrypoint.sh  0.0s
[0m[34m => [dependencies 1/2] COPY package.json package-lock.json ./              0.0s
[0m[34m => [runtime-base 5/5] COPY --chown=semforge:semforge scripts/ops/preflig  0.1s
[0m[34m => [dependencies 2/2] RUN npm ci                                         16.1s
[0m[34m => [builder 1/2] COPY . .                                                 0.3s
[0m => [builder 2/2] RUN npm run build                                        4.2s
[?25h[1A[1A[1A[1A[1A[1A[1A[1A[1A[0G[?25l[+] Building 23.5s (15/18)                                      docker:rootless
[34m => CACHED [runtime-base 3/5] WORKDIR /app                                 0.0s
[0m[34m => CACHED [base 2/2] WORKDIR /app                                         0.0s
[0m[34m => [runtime-base 4/5] COPY --chmod=0555 scripts/ops/docker-entrypoint.sh  0.0s
[0m[34m => [dependencies 1/2] COPY package.json package-lock.json ./              0.0s
[0m[34m => [runtime-base 5/5] COPY --chown=semforge:semforge scripts/ops/preflig  0.1s
[0m[34m => [dependencies 2/2] RUN npm ci                                         16.1s
[0m[34m => [builder 1/2] COPY . .                                                 0.3s
[0m => [builder 2/2] RUN npm run build                                        4.3s
[?25h[1A[1A[1A[1A[1A[1A[1A[1A[1A[0G[?25l[+] Building 23.7s (15/18)                                      docker:rootless
[34m => CACHED [runtime-base 3/5] WORKDIR /app                                 0.0s
[0m[34m => CACHED [base 2/2] WORKDIR /app                                         0.0s
[0m[34m => [runtime-base 4/5] COPY --chmod=0555 scripts/ops/docker-entrypoint.sh  0.0s
[0m[34m => [dependencies 1/2] COPY package.json package-lock.json ./              0.0s
[0m[34m => [runtime-base 5/5] COPY --chown=semforge:semforge scripts/ops/preflig  0.1s
[0m[34m => [dependencies 2/2] RUN npm ci                                         16.1s
[0m[34m => [builder 1/2] COPY . .                                                 0.3s
[0m => [builder 2/2] RUN npm run build                                        4.5s
[?25h[1A[1A[1A[1A[1A[1A[1A[1A[1A[0G[?25l[+] Building 23.9s (15/18)                                      docker:rootless
[34m => CACHED [runtime-base 3/5] WORKDIR /app                                 0.0s
[0m[34m => CACHED [base 2/2] WORKDIR /app                                         0.0s
[0m[34m => [runtime-base 4/5] COPY --chmod=0555 scripts/ops/docker-entrypoint.sh  0.0s
[0m[34m => [dependencies 1/2] COPY package.json package-lock.json ./              0.0s
[0m[34m => [runtime-base 5/5] COPY --chown=semforge:semforge scripts/ops/preflig  0.1s
[0m[34m => [dependencies 2/2] RUN npm ci                                         16.1s
[0m[34m => [builder 1/2] COPY . .                                                 0.3s
[0m => [builder 2/2] RUN npm run build                                        4.7s
[?25h[1A[1A[1A[1A[1A[1A[1A[1A[1A[0G[?25l[+] Building 24.0s (15/18)                                      docker:rootless
[34m => CACHED [runtime-base 3/5] WORKDIR /app                                 0.0s
[0m[34m => CACHED [base 2/2] WORKDIR /app                                         0.0s
[0m[34m => [runtime-base 4/5] COPY --chmod=0555 scripts/ops/docker-entrypoint.sh  0.0s
[0m[34m => [dependencies 1/2] COPY package.json package-lock.json ./              0.0s
[0m[34m => [runtime-base 5/5] COPY --chown=semforge:semforge scripts/ops/preflig  0.1s
[0m[34m => [dependencies 2/2] RUN npm ci                                         16.1s
[0m[34m => [builder 1/2] COPY . .                                                 0.3s
[0m => [builder 2/2] RUN npm run build                                        4.8s
[?25h[1A[1A[1A[1A[1A[1A[1A[1A[1A[0G[?25l[+] Building 24.0s (15/18)                                      docker:rootless
[34m => CACHED [runtime-base 3/5] WORKDIR /app                                 0.0s
[0m[34m => CACHED [base 2/2] WORKDIR /app                                         0.0s
[0m[34m => [runtime-base 4/5] COPY --chmod=0555 scripts/ops/docker-entrypoint.sh  0.0s
[0m[34m => [dependencies 1/2] COPY package.json package-lock.json ./              0.0s
[0m[34m => [runtime-base 5/5] COPY --chown=semforge:semforge scripts/ops/preflig  0.1s
[0m[34m => [dependencies 2/2] RUN npm ci                                         16.1s
[0m[34m => [builder 1/2] COPY . .                                                 0.3s
[0m => [builder 2/2] RUN npm run build                                        4.8s
[?25h[1A[1A[1A[1A[1A[1A[1A[1A[1A[0G[?25l[+] Building 24.2s (16/18)                                      docker:rootless
[34m => CACHED [runtime-base 3/5] WORKDIR /app                                 0.0s
[0m[34m => CACHED [base 2/2] WORKDIR /app                                         0.0s
[0m[34m => [runtime-base 4/5] COPY --chmod=0555 scripts/ops/docker-entrypoint.sh  0.0s
[0m[34m => [dependencies 1/2] COPY package.json package-lock.json ./              0.0s
[0m[34m => [runtime-base 5/5] COPY --chown=semforge:semforge scripts/ops/preflig  0.1s
[0m[34m => [dependencies 2/2] RUN npm ci                                         16.1s
[0m[34m => [builder 1/2] COPY . .                                                 0.3s
[0m[31m => ERROR [builder 2/2] RUN npm run build                                  4.9s
[0m[?25h[1A[1A[1A[1A[1A[1A[1A[1A[1A[0G[?25l[+] Building 24.4s (16/18)                                      docker:rootless
[34m => CACHED [runtime-base 3/5] WORKDIR /app                                 0.0s
[0m[34m => CACHED [base 2/2] WORKDIR /app                                         0.0s
[0m[34m => [runtime-base 4/5] COPY --chmod=0555 scripts/ops/docker-entrypoint.sh  0.0s
[0m[34m => [dependencies 1/2] COPY package.json package-lock.json ./              0.0s
[0m[34m => [runtime-base 5/5] COPY --chown=semforge:semforge scripts/ops/preflig  0.1s
[0m[34m => [dependencies 2/2] RUN npm ci                                         16.1s
[0m[34m => [builder 1/2] COPY . .                                                 0.3s
[0m[31m => ERROR [builder 2/2] RUN npm run build                                  4.9s
[0m[?25h[1A[1A[1A[1A[1A[1A[1A[1A[1A[0G[?25l[+] Building 24.5s (16/18)                                      docker:rootless
[34m => CACHED [runtime-base 3/5] WORKDIR /app                                 0.0s
[0m[34m => CACHED [base 2/2] WORKDIR /app                                         0.0s
[0m[34m => [runtime-base 4/5] COPY --chmod=0555 scripts/ops/docker-entrypoint.sh  0.0s
[0m[34m => [dependencies 1/2] COPY package.json package-lock.json ./              0.0s
[0m[34m => [runtime-base 5/5] COPY --chown=semforge:semforge scripts/ops/preflig  0.1s
[0m[34m => [dependencies 2/2] RUN npm ci                                         16.1s
[0m[34m => [builder 1/2] COPY . .                                                 0.3s
[0m[31m => ERROR [builder 2/2] RUN npm run build                                  4.9s
[0m[?25h[1A[1A[1A[1A[1A[1A[1A[1A[1A[0G[?25l[+] Building 24.7s (16/18)                                      docker:rootless
[34m => CACHED [runtime-base 3/5] WORKDIR /app                                 0.0s
[0m[34m => CACHED [base 2/2] WORKDIR /app                                         0.0s
[0m[34m => [runtime-base 4/5] COPY --chmod=0555 scripts/ops/docker-entrypoint.sh  0.0s
[0m[34m => [dependencies 1/2] COPY package.json package-lock.json ./              0.0s
[0m[34m => [runtime-base 5/5] COPY --chown=semforge:semforge scripts/ops/preflig  0.1s
[0m[34m => [dependencies 2/2] RUN npm ci                                         16.1s
[0m[34m => [builder 1/2] COPY . .                                                 0.3s
[0m[31m => ERROR [builder 2/2] RUN npm run build                                  4.9s
[0m[?25h[1A[1A[1A[1A[1A[1A[1A[1A[1A[0G[?25l[+] Building 24.8s (16/18)                                      docker:rootless
[34m => [internal] load build definition from Dockerfile                       0.0s
[0m[34m => => transferring dockerfile: 2.98kB                                     0.0s
[0m[34m => resolve image config for docker-image://docker.io/docker/dockerfile:1  1.2s
[0m[34m => CACHED docker-image://docker.io/docker/dockerfile:1.7@sha256:a57df69d  0.0s
[0m[34m => => resolve docker.io/docker/dockerfile:1.7@sha256:a57df69d0ea827fb726  0.0s
[0m[34m => [internal] load metadata for docker.io/library/node:24-bookworm-slim   1.1s
[0m[34m => [internal] load .dockerignore                                          0.0s
[0m[34m => => transferring context: 125B                                          0.0s
[0m[34m => [base 1/2] FROM docker.io/library/node:24-bookworm-slim@sha256:3638d9  0.0s
[0m[34m => => resolve docker.io/library/node:24-bookworm-slim@sha256:3638d9a6fe4  0.0s
[0m[34m => [internal] load build context                                          0.1s
[0m[34m => => transferring context: 3.01MB                                        0.1s
[0m[34m => CACHED [runtime-base 2/5] RUN apt-get update     && apt-get install -  0.0s
[0m[34m => CACHED [runtime-base 3/5] WORKDIR /app                                 0.0s
[0m[34m => CACHED [base 2/2] WORKDIR /app                                         0.0s
[0m[34m => [runtime-base 4/5] COPY --chmod=0555 scripts/ops/docker-entrypoint.sh  0.0s
[0m[34m => [dependencies 1/2] COPY package.json package-lock.json ./              0.0s
[0m[34m => [runtime-base 5/5] COPY --chown=semforge:semforge scripts/ops/preflig  0.1s
[0m[34m => [dependencies 2/2] RUN npm ci                                         16.1s
[0m[34m => [builder 1/2] COPY . .                                                 0.3s
[0m[31m => ERROR [builder 2/2] RUN npm run build                                  4.9s
[0m[?25h------
 > [builder 2/2] RUN npm run build:
0.281
0.281 > semforge@0.1.0 build
0.281 > SEMFORGE_SERVICE=build next build
0.281
0.609 ▲ Next.js 16.3.0 (Turbopack)
0.709 ✓ Running next.config.ts took 99ms
0.717
0.742   Creating an optimized production build ...
4.773 Killed
------
ERROR: failed to build: failed to solve: process "/bin/sh -c npm run build" did not complete successfully: exit code: 137
